seed,arm,tick,pop,global_sat,abs_food,abs_cap,cap_lost_frac,d_starv,d_old,d_pred,ms_per_tick,n_patches,patch_sat_mean,patch_sat_var,patch_sat_range,patch_sat_init_var,patch_abs_food_var,l1_visited_patch_n,l1_visited_patch_frac,l1_first_visit_median,l1_first_visit_p25,l1_first_visit_p75,l2_visited_gini,l2_visited_var,l2_total_var,l2_between_share,l2_visited_frac,l2_visited_mean,l2_unvisited_mean,l2_total_gini,l3_forage_sum,l3_intake_per_capita,l3_net_sum,l3_net_per_capita,l3_pop_mean,l0_peak_dead,l0_peak_rest,l0_peak_demoted,l0_any_dead,l0_any_rest,l0_any_demoted,bg_low_frac_actual,bg_low_n,bg_resid_frac
45,off,250,925,0.9961311086596518,3285992.354005903,3298754.878188056,0.0,8332,0,902,21.477405600249767,1305,0.9959317068028648,0.0001481252670488185,0.12781406695266218,0.0001481252670488185,2000880.5594359008,757,0.5800766283524904,1.0,1.0,1.0,0.31765260656912986,2422470.0193307674,2000880.5594359015,0.029359345290059537,0.5800766283524904,2560.479248840046,2069.394939353265,0.31070743443058557,nan,nan,nan,nan,nan,0,0,0,0,0,0,0.4,166761,0.48488
45,off,500,1425,0.9892624247382449,3263334.2494134298,3298754.878188056,0.0,8470,0,1340,14.201058031991124,1305,0.9902884563623783,0.0012704189914962466,0.700589481691048,0.0012704189914962466,1973236.7798401727,757,0.5800766283524904,1.0,1.0,1.0,0.3185684504426678,2386691.23711696,1973236.7798401737,0.02627925828053012,0.5800766283524904,2530.785223760516,2069.394939353265,0.3107089693133125,nan,nan,nan,nan,nan,0,0,0,0,0,0,0.4,166761,0.310388
45,off,750,2257,0.9778147084578608,3225571.0394894,3298754.878188056,0.0,8879,0,2349,16.193054439499974,1305,0.980473495774641,0.0048109707530948785,0.9924534909312255,0.0048109707530948785,1942627.7964471653,757,0.5800766283524904,1.0,1.0,1.0,0.3227701186131806,2352085.5703269965,1942627.7964471662,0.021270237243611528,0.5800766283524904,2481.2583949525806,2069.394939353265,0.312490737220007,nan,nan,nan,nan,nan,0,0,0,0,0,0,0.4,166761,0.204386
45,off,1000,3807,0.9561713126560997,3154174.7820077855,3298754.878188056,0.0,9807,1,3925,19.46562765724957,1305,0.9620765778382164,0.014301254143535712,0.9999239001122574,0.014301254143535712,1895276.0610627357,761,0.5831417624521072,1.0,1.0,1.0,0.3315235262549163,2288583.6752471956,1895276.061062737,0.013370345107077741,0.5831417624521072,2388.5932835674885,2065.7243341301983,0.31718805229109637,nan,nan,nan,nan,nan,0,0,0,0,0,0,0.4,166761,0.141568
45,off,1250,5108,0.9355254821600033,3086069.247944544,3298754.878188056,0.0,11646,11,6324,24.35165809094906,1305,0.9462772807297476,0.025351422583206443,0.9985232143930098,0.025351422583206443,1864909.6867436953,763,0.5846743295019157,1.0,1.0,1.0,0.34407667783233764,2259380.172763817,1864909.6867436965,0.0075450123992396815,0.5846743295019157,2302.262832005926,2061.545433777521,0.3238680621417842,nan,nan,nan,nan,nan,0,0,0,0,0,0,0.4,166761,0.111721
45,off,1500,6145,0.9203126041532947,3035885.6924086343,3298754.878188056,0.0,14281,62,8695,27.44711273163557,1305,0.9340559646441695,0.035412058561564944,0.999419378874512,0.035412058561564944,1888402.7809427925,764,0.5854406130268199,1.0,1.0,1.0,0.3582590454940233,2307842.289544828,1888402.7809427937,0.004025103204895186,0.5854406130268199,2237.726155770006,2060.755595574125,0.33208459812336044,nan,nan,nan,nan,nan,0,0,0,0,0,0,0.4,166761,0.104622
45,off,1750,7256,0.9028955148016723,2978430.9839461325,3298754.878188056,0.0,17796,93,11900,31.885758567601446,1305,0.9205110753568911,0.04362907377371537,0.9978773070521612,0.04362907377371537,1852204.8502620866,766,0.5869731800766284,1.0,1.0,1.0,0.3680469326586917,2248879.8792240336,1852204.8502620875,0.0013608631098656805,0.5869731800766284,2162.755451845198,2060.7899001103833,0.3377537797962413,nan,nan,nan,nan,nan,0,0,0,0,0,0,0.4,166761,0.102261
45,off,2000,8586,0.8861257414732973,2923111.6123730475,3298754.878188056,0.0,21809,136,15316,35.285627944394946,1305,0.9062358706664175,0.05320381447123595,0.9971143574024267,0.05320381447123595,1847619.7551219757,770,0.5900383141762452,1.0,1.0,1.0,0.38162058664408605,2235042.541854003,1847619.7551219764,0.00018614135070051476,0.5900383141762452,2094.115403051022,2056.408923451523,0.346354346658146,nan,nan,nan,nan,nan,0,0,0,0,0,0,0.4,166761,0.099293
45,off,2250,9705,0.8676177243408248,2862058.200571716,3298754.878188056,0.0,26709,174,19588,40.29379421286285,1305,0.8899680803355736,0.06254079012427907,0.9992629383748259,0.06254079012427907,1850327.5130757226,776,0.5946360153256705,1.0,1.0,1.0,0.39534747454881725,2226541.646376674,1850327.5130757238,0.00011416671168253817,0.5946360153256705,2020.3173052317543,2049.9209963696803,0.35554922116868704,nan,nan,nan,nan,nan,0,0,0,0,0,0,0.4,166761,0.099126
45,off,2500,10734,0.849402014538161,2801969.0390005205,3298754.878188056,0.0,31926,253,24189,44.86830695159733,1305,0.8754118321893232,0.0708148768931574,0.9992451240875764,0.0708148768931574,1810660.0063759258,781,0.5984674329501916,1.0,1.0,1.0,0.4030395626598209,2143758.786707698,1810660.006375927,0.0014181495387739127,0.5984674329501916,1945.1204214090465,2048.491445731694,0.3607780445957338,nan,nan,nan,nan,nan,0,0,0,0,0,0,0.4,166761,0.099916
45,off,2750,11054,0.845899778152303,2790416.019638104,3298754.878188056,0.0,37225,339,29217,47.10990469530225,1305,0.8722668807495244,0.07261457864229505,0.9991418319907105,0.07261457864229505,1797377.9188008627,783,0.6,1.0,1.0,1.0,0.40417113138161853,2119951.038297764,1797377.9188008634,0.0017346933099343883,0.6,1932.3193426919888,2046.2984974230121,0.3616167077679635,nan,nan,nan,nan,nan,0,0,0,0,0,0,0.4,166761,0.101276
45,off,3000,11855,0.8308594987450969,2740801.824574271,3298754.878188056,0.0,42686,433,33966,48.99013666249812,1305,0.8601869868268581,0.08195662466179146,1.0,0.08195662466179146,1825575.2470089193,786,0.6022988505747127,1.0,1.0,1.0,0.4207973161243439,2171023.0472920346,1825575.2470089204,0.003416446321068469,0.6022988505747127,1876.203686626772,2037.5662297013428,0.3717958894389999,60124983.169,3.0498235118759274,13820449.854,0.7010385814322128,6571.416666666667,0,0,0,0,0,0,0.4,166761,0.102712
45,on,250,843,0.988110783208042,3048248.1619717935,3084925.5101489965,0.064821235870824,8462,0,837,28.052832059562206,1305,0.9890195668067651,0.00044818689719439787,0.16454884495166933,0.00044818689719439787,1968758.5856839549,742,0.5685823754789272,1.0,1.0,1.0,0.3235159593853323,2421134.807552803,1968758.585683956,0.021463963426801548,0.5685823754789272,2514.884348893823,2099.8294406617724,0.31079823103844006,nan,nan,nan,nan,nan,2050,802,0,250,250,0,0.4,166761,0.449063
45,on,500,1243,0.9792384101486659,3020877.5519853653,3084925.5101489965,0.064821235870824,8605,0,1274,21.267318500205874,1305,0.981632827170828,0.0034625168170688524,0.9399308193128632,0.0034625168170688524,1951128.2486140502,742,0.5685823754789272,1.0,1.0,1.0,0.3270519188803407,2402750.586002002,1951128.2486140514,0.017979325344205946,0.5685823754789272,2477.9967343568565,2099.8294406617724,0.3123615840783287,nan,nan,nan,nan,nan,2885,812,0,500,500,0,0.4,166761,0.277642
45,on,750,1850,0.9615152476065835,2966202.915738778,3084925.5101489965,0.064821235870824,8992,0,2193,22.938015092164278,1305,0.9670913096680591,0.009973591806582452,0.9953971905810999,0.009973591806582452,1921897.713147778,742,0.5685823754789272,1.0,1.0,1.0,0.335598234771745,2373041.968934271,1921897.713147779,0.011832695368135674,0.5685823754789272,2404.311240763074,2099.8294406617724,0.31652283947287896,nan,nan,nan,nan,nan,4070,854,0,750,750,0,0.4,166761,0.176706
45,on,1000,2715,0.9360993048095929,2887796.6254398543,3084925.5101489965,0.064821235870824,9826,1,3667,26.15440900810063,1305,0.946756779388051,0.02077077042581935,0.9984919919819613,0.02077077042581935,1872427.499806736,743,0.5693486590038315,1.0,1.0,1.0,0.3466608935199247,2305920.6155044837,1872427.4998067366,0.00522541917898405,0.5693486590038315,2298.898382569436,2099.1372369942405,0.322146240259505,nan,nan,nan,nan,nan,4373,975,0,1000,1000,0,0.4,166761,0.115197
45,on,1250,3513,0.9091961941652372,2804802.5331107206,3084925.5101489965,0.064821235870824,11072,14,5508,28.927164155989885,1305,0.9266277951869419,0.03252626761246771,0.9997472400735281,0.03252626761246771,1832291.9286806537,743,0.5693486590038315,1.0,1.0,1.0,0.3624159161264757,2249272.2134886724,1832291.9286806546,0.0010376835346571768,0.5693486590038315,2187.197046998597,2099.1372369942405,0.3306348748401313,nan,nan,nan,nan,nan,5390,975,0,1250,1250,0,0.4,166761,0.0792
45,on,1500,3971,0.8940395455351833,2758045.401103502,3084925.5101489965,0.064821235870824,12853,42,7233,30.400585988536477,1305,0.915889825467592,0.04212766593656481,0.9987889038801007,0.04212766593656481,1820803.8567335608,743,0.5693486590038315,1.0,1.0,1.0,0.3738780358302831,2232162.1877738773,1820803.8567335617,8.503794280309442e-05,0.5693486590038315,2124.2668558717887,2099.1372369942405,0.33698274061807054,nan,nan,nan,nan,nan,6265,984,0,1500,1500,0,0.4,166761,0.06138
45,on,1750,4669,0.8725558215964944,2691769.713072042,3084925.5101489965,0.064821235870824,14979,77,9489,32.733107063919306,1305,0.8995831574038313,0.05238566201554563,0.9989680884589053,0.05238566201554563,1801892.106001408,743,0.5693486590038315,1.0,1.0,1.0,0.3891216860810589,2197449.8402864276,1801892.106001409,0.0005585879263102989,0.5693486590038315,2035.066737390685,2099.1372369942405,0.3455003388437161,nan,nan,nan,nan,nan,6981,984,0,1750,1750,0,0.4,166761,0.049226
45,on,2000,5234,0.8580556502736533,2647037.764656679,3084925.5101489965,0.064821235870824,17298,115,12114,34.36642109230161,1305,0.8896067728594511,0.059778363429145276,0.9988340618896632,0.059778363429145276,1774222.241614109,743,0.5693486590038315,1.0,1.0,1.0,0.3973398441021545,2143967.4216630687,1774222.24161411,0.0021343403449123337,0.5693486590038315,1974.862230775122,2099.1372369942405,0.3499583667934647,nan,nan,nan,nan,nan,7455,984,0,2000,2000,0,0.4,166761,0.041198
45,on,2250,5491,0.8462050480843185,2610479.5396521725,3084925.5101489965,0.064821235870824,19979,136,15018,36.18886591307819,1305,0.8802993454819668,0.06435812447111786,0.9994711502640764,0.06435812447111786,1726107.785448577,743,0.5693486590038315,1.0,1.0,1.0,0.4021418353599415,2053150.2587533211,1726107.785448578,0.004274917200993919,0.5693486590038315,1925.6586977946292,2099.1372369942405,0.35258644380752746,nan,nan,nan,nan,nan,8062,984,0,2250,2250,0,0.4,166761,0.035411
45,on,2500,5974,0.8271220189420213,2551609.816240183,3084925.5101489965,0.064821235870824,22683,177,18220,37.63160219229758,1305,0.86735677816133,0.073839981415539,0.998761117386166,0.073839981415539,1718120.767784354,743,0.5693486590038315,1.0,1.0,1.0,0.4151374046267513,2024579.6610758777,1718120.7677843547,0.009113784063819443,0.5693486590038315,1846.4262302145632,2099.1372369942405,0.36001759412983914,nan,nan,nan,nan,nan,8624,984,0,2500,2500,0,0.4,166761,0.031254
45,on,2750,5913,0.8222035553388265,2536436.722399948,3084925.5101489965,0.064821235870824,25324,233,21171,37.863652139902115,1305,0.864401726927015,0.07630409947928,0.9996879488478284,0.07630409947928,1709740.5329387262,743,0.5693486590038315,1.0,1.0,1.0,0.4179914076231819,2005236.1456238078,1709740.532938727,0.010698437019059702,0.5693486590038315,1826.0048387741388,2099.1372369942405,0.3617504974556609,nan,nan,nan,nan,nan,8974,984,0,2750,2750,0,0.4,166761,0.028403
45,on,3000,6128,0.8129602847947225,2507921.9213012327,3084925.5101489965,0.064821235870824,27829,295,24591,38.08639665879309,1305,0.8561361584076118,0.08153291853657485,0.9995444511413956,0.08153291853657485,1739033.9579315945,744,0.5701149425287356,1.0,1.0,1.0,0.4293854380131219,2045582.178522913,1739033.9579315954,0.013454287531108737,0.5701149425287356,1788.9543962628159,2097.9319972935787,0.3687806168410228,36081167.644,3.0356021911492514,8401545.217000002,0.7068437840316341,3962.0,9242,984,0,3000,3000,0,0.4,166761,0.026066
46,off,250,948,0.9964148417826693,3316896.3054836956,3328830.6901867213,0.0,8301,0,925,21.173172751441598,1334,0.995855193293894,0.000159792307085162,0.13035893277315003,0.000159792307085162,2146691.7677049004,768,0.5757121439280359,1.0,1.0,1.0,0.3215612086162678,2613050.464354362,2146691.7677049013,0.010485434435338198,0.5757121439280359,2455.118584740377,2151.558221469595,0.31340779731107227,nan,nan,nan,nan,nan,0,0,0,0,0,0,0.4,167022,0.483262
46,off,500,1451,0.9898069342517841,3294899.700096969,3328830.6901867213,0.0,8413,0,1398,13.575014406815171,1334,0.9898993429176308,0.0014043358796641224,0.5704019364608626,0.0014043358796641224,2119353.9060501615,768,0.5757121439280359,1.0,1.0,1.0,0.3227564425735503,2572552.231449708,2119353.906050163,0.008726746177770195,0.5757121439280359,2426.7202673279953,2151.554173669438,0.31385464814361996,nan,nan,nan,nan,nan,0,0,0,0,0,0,0.4,167022,0.306874
46,off,750,2670,0.973955042616887,3242131.4367252095,3328830.6901867213,0.0,8906,0,2359,16.317102178931236,1334,0.975289861726801,0.007780305043772821,0.9990535572118645,0.007780305043772821,2088827.9663339383,771,0.5779610194902549,1.0,1.0,1.0,0.3300803649673081,2524108.33560911,2088827.9663339395,0.004983674741818406,0.5779610194902549,2357.9158699721106,2151.329994445498,0.3181607300168765,nan,nan,nan,nan,nan,0,0,0,0,0,0,0.4,167022,0.201655
46,off,1000,4040,0.9570598095006589,3185890.0662100506,3328830.6901867213,0.0,10170,1,3830,19.882155949249864,1334,0.9598890973373547,0.014999671448232678,0.9990341284906432,0.014999671448232678,2074915.4473239435,774,0.5802098950524738,1.0,1.0,1.0,0.34002343151598025,2504847.588630546,2074915.4473239442,0.0021445222384601807,0.5802098950524738,2285.5691077920046,2150.406421432211,0.3239324073724321,nan,nan,nan,nan,nan,0,0,0,0,0,0,0.4,167022,0.143492
46,off,1250,5724,0.932337935791907,3103595.134289437,3328830.6901867213,0.0,12104,6,5911,24.31573623418808,1334,0.9387416318954752,0.02801092039640602,0.9975237408986083,0.02801092039640602,2025143.754047578,781,0.5854572713643178,1.0,1.0,1.0,0.35363969162010966,2408140.630916462,2025143.7540475787,0.00016225990167890994,0.5854572713643178,2182.8578904870483,2146.061833764679,0.33274507072536275,nan,nan,nan,nan,nan,0,0,0,0,0,0,0.4,167022,0.115347
46,off,1500,7346,0.9094512481258055,3027409.2259898,3328830.6901867213,0.0,14939,38,8261,28.95535763911903,1334,0.9188696338782774,0.03999297484402292,0.9991053055307015,0.03999297484402292,2016336.8084192509,788,0.5907046476761619,1.0,1.0,1.0,0.36791926203565617,2374296.771619966,2016336.808419251,0.000329645142355998,0.5907046476761619,2089.5547646663385,2141.9873507819625,0.3424472002110639,nan,nan,nan,nan,nan,0,0,0,0,0,0,0.4,167022,0.10428
46,off,1750,9191,0.8831379520694149,2939816.718517318,3328830.6901867213,0.0,18665,79,11107,34.94947689212859,1334,0.8941010958044163,0.058638324995675145,0.9996557553205004,0.058638324995675145,2067710.6848703346,797,0.5974512743628186,1.0,1.0,1.0,0.396424734648279,2438879.1794948303,2067710.684870335,0.002638469239703061,0.5974512743628186,1985.3044304927673,2135.916726684479,0.36059841655552494,nan,nan,nan,nan,nan,0,0,0,0,0,0,0.4,167022,0.100607
46,off,2000,10711,0.8625679958925453,2871342.8170999587,3328830.6901867213,0.0,23588,109,14252,40.438131688162684,1334,0.8768590184266354,0.06841543894448628,0.9999921896272342,0.06841543894448628,1991436.0940889118,800,0.5997001499250375,1.0,1.0,1.0,0.40760178825892934,2291580.494865117,1991436.0940889125,0.006621585819251392,0.5997001499250375,1901.3336687883723,2135.7049535806223,0.3679494730499433,nan,nan,nan,nan,nan,0,0,0,0,0,0,0.4,167022,0.102529
46,off,2250,12148,0.8398108116615002,2795588.0038094223,3328830.6901867213,0.0,29312,140,18731,47.547667387872934,1334,0.8560333145863084,0.08139713355004148,0.99978768809615,0.08139713355004148,2022595.629447141,805,0.603448275862069,1.0,1.0,1.0,0.4284712671454123,2310386.5239080368,2022595.6294471421,0.012955820641387013,0.603448275862069,1807.5888832823305,2138.504336998706,0.3817177883631444,nan,nan,nan,nan,nan,0,0,0,0,0,0,0.4,167022,0.104948
46,off,2500,12811,0.8269610699331069,2752813.3891829737,3328830.6901867213,0.0,35691,216,23501,52.527463587000966,1334,0.8441865783509814,0.08806491749628433,0.9998077524572996,0.08806491749628433,1990449.5184611813,811,0.6079460269865068,1.0,1.0,1.0,0.43720270197059197,2240550.4621343655,1990449.518461182,0.016053572267397596,0.6079460269865068,1763.5821078064548,2129.7295338960266,0.3882723158635677,nan,nan,nan,nan,nan,0,0,0,0,0,0,0.4,167022,0.1076
46,off,2750,13676,0.8159256909980745,2716078.481106198,3328830.6901867213,0.0,42267,303,28171,52.840694077312946,1334,0.834237760994122,0.09583538295351943,0.9993977525060749,0.09583538295351943,1981032.1173689226,817,0.6124437781109445,1.0,1.0,1.0,0.4474197167377645,2212961.6419430487,1981032.1173689226,0.019477158184277896,0.6124437781109445,1723.6033477114993,2126.791798847743,0.394963083289678,nan,nan,nan,nan,nan,0,0,0,0,0,0,0.4,167022,0.109959
46,off,3000,14713,0.8030595794787614,2673249.3742173435,3328830.6901867213,0.0,49262,401,33237,56.266436479985714,1334,0.8217415368984894,0.10128191872527853,0.9999578796645237,0.10128191872527853,2001008.154931353,820,0.6146926536731634,1.0,1.0,8.0,0.45870135339798956,2223944.489084506,2001008.1549313536,0.024142470480556653,0.6146926536731634,1674.1048690137695,2125.734707850817,0.40302684580599824,69487684.011,2.9126443328967087,14106111.747000005,0.5912714896729507,7952.416666666667,0,0,0,0,0,0,0.4,167022,0.112351
46,on,250,665,0.9000889260873739,3285218.438471034,3649882.0763762286,-0.09644569401981173,8557,0,905,30.106164621189237,1334,0.9899068033009714,0.00039406405885930546,0.16761228111672888,0.0055218288774069296,2102474.79730583,754,0.5652173913043478,1.0,1.0,1.0,0.34218683392749005,2589178.7335798005,2102474.7973058308,0.0024508120469644355,0.5652173913043478,2314.8889478553533,2170.086280351058,0.3221930853544053,nan,nan,nan,nan,nan,6411,14200,0,250,250,0,0.4,167022,0.614893
46,on,500,768,0.8986912342704091,3280117.028159997,3649882.076376229,-0.09644569401981196,8738,0,1224,21.698015239089727,1334,0.9882537638417549,0.0008733321017690174,0.4828725395426161,0.015221123785775798,2096482.0830413774,755,0.5659670164917541,1.0,1.0,1.0,0.35564427581887537,2582600.9718182855,2096482.0830413776,0.0004969287216563596,0.5659670164917541,2234.4549910642704,2169.331796106712,0.32990259790756826,nan,nan,nan,nan,nan,7812,14200,0,500,500,0,0.4,167022,0.509466
46,on,750,957,0.8954555173938018,3268307.0431278395,3649882.0763762286,-0.09644569401981173,9097,0,1765,22.44923980347812,1334,0.977397185039451,0.006729002623811161,1.0140856316094726,0.03190112450534998,2067650.8404738528,756,0.5667166416791605,1.0,1.0,1.0,0.37758132640943187,2528813.771630406,2067650.8404738528,0.0005191741099297092,0.5667166416791605,2102.1132564434065,2168.232233713422,0.3426285857548088,nan,nan,nan,nan,nan,9500,14200,0,750,750,0,0.4,167022,0.476915
46,on,1000,1094,0.8938993097622306,3262627.068786248,3649882.0763762286,-0.09644569401981173,9534,1,2416,23.791240194812417,1334,0.9647597809140718,0.014215886546954366,1.0167331713290984,0.05105298235552699,2033983.2871907083,760,0.5697151424287856,1.0,1.0,1.0,0.4034291614217076,2444697.422598397,2033983.2871907083,0.005162852257019119,0.5697151424287856,1955.1047227268891,2162.076736815341,0.35853106381975364,nan,nan,nan,nan,nan,9887,14200,0,1000,1000,0,0.4,167022,0.465335
46,on,1250,1143,0.8907646008598215,3251185.7509486875,3649882.0763762286,-0.09644569401981173,10075,2,3100,24.375705080106854,1334,0.953482633059037,0.020638670367191393,1.013285146691079,0.06693514153305943,1969145.68242335,762,0.5712143928035982,1.0,1.0,1.0,0.423897419212488,2291973.869347649,1969145.68242335,0.01567878937625047,0.5712143928035982,1805.673595605129,2160.712149750033,0.3714742878037818,nan,nan,nan,nan,nan,9887,14200,0,1250,1250,0,0.4,167022,0.46451
46,on,1500,1084,0.8910739742646127,3252314.9273937424,3649882.0763762286,-0.09644569401981173,10569,4,3636,23.601583268493414,1334,0.9453546353498707,0.02663096627345845,1.0,0.07995511511760187,1968204.6316854618,764,0.5727136431784108,1.0,1.0,1.0,0.443827010299346,2254213.879358805,1968204.631685462,0.024878030872082738,0.5727136431784108,1711.0049034214594,2158.321331604266,0.3840003611843177,nan,nan,nan,nan,nan,9887,14200,0,1500,1500,0,0.4,167022,0.463612
46,on,1750,1015,0.8916078917373133,3254263.6632076167,3649882.0763762286,-0.09644569401981173,11049,5,4141,23.15659391693771,1334,0.9414964522708296,0.02849888654383601,1.0,0.08800726932935038,1964563.3827229026,767,0.5749625187406296,1.0,1.0,1.0,0.4558856161487219,2224357.7458858793,1964563.3827229026,0.031021120873212422,0.5749625187406296,1653.4051309835504,2152.781955784332,0.3919537995931799,nan,nan,nan,nan,nan,9887,14200,0,1750,1750,0,0.4,167022,0.458929
46,on,2000,899,0.8919376855686858,3255467.3718016427,3649882.0763762286,-0.09644569401981173,11516,6,4698,22.52860731445253,1334,0.9388856602531829,0.02974278592968418,1.0,0.0943814212218043,1947457.9698164803,770,0.5772113943028486,1.0,1.0,1.0,0.46428902653773396,2165597.4687446575,1947457.969816481,0.03774898748149554,0.5772113943028486,1601.8376125722764,2150.6926005148744,0.39795836359926784,nan,nan,nan,nan,nan,9887,14200,0,2000,2000,0,0.4,167022,0.452893
46,on,2250,874,0.8918801079247927,3255257.220191197,3649882.0763762286,-0.09644569401981173,11928,8,5250,22.401105435565114,1334,0.937895934111216,0.03008067257277019,1.0215078313022263,0.09951280924613244,1943929.2093580565,771,0.5779610194902549,1.0,1.0,1.0,0.47190077756894877,2132787.3294731732,1943929.2093580572,0.04494433493907248,0.5779610194902549,1552.1807732424145,2150.6642229618665,0.40363001409661026,nan,nan,nan,nan,nan,9887,14200,0,2250,2250,0,0.4,167022,0.447171
46,on,2500,863,0.8919364415338119,3255462.8312210543,3649882.076376229,-0.09644569401981196,12317,12,5750,22.617427280172706,1334,0.9361429172676641,0.03021384978120803,1.0,0.1049986696635764,1940857.2232470647,773,0.5794602698650675,1.0,1.0,1.0,0.47970536722415535,2100086.5877614063,1940857.2232470647,0.05175733258218241,0.5794602698650675,1507.570947653414,2149.618787454003,0.4093972126401575,nan,nan,nan,nan,nan,9887,14200,0,2500,2500,0,0.4,167022,0.441589
46,on,2750,818,0.8929506734428739,3259164.6580872284,3649882.0763762286,-0.09644569401981173,12686,13,6147,21.88907171599567,1334,0.9351315155402938,0.03164234108740225,1.0,0.1089402646480874,1938472.4719917534,773,0.5794602698650675,1.0,1.0,1.0,0.48676884433935697,2078571.6484188875,1938472.471991754,0.057050813412041046,0.5794602698650675,1475.886397881684,2149.5535805069817,0.4139120878957463,nan,nan,nan,nan,nan,9887,14200,0,2750,2750,0,0.4,167022,0.435841
46,on,3000,807,0.8929123102605133,3259024.6369955377,3649882.0763762286,-0.09644569401981173,13031,13,6491,21.763717379420996,1334,0.9329093343222357,0.032657533192636055,1.0,0.1120466372989027,1924180.8855617107,775,0.5809595202398801,1.0,1.0,1.0,0.4896907511047104,2034183.6936213346,1924180.8855617114,0.061958494755433684,0.5809595202398801,1448.722332754696,2148.5199374094186,0.41655379229400324,7634586.79,2.779498239737872,1010350.0660000005,0.3678347377810141,915.5833333333334,9887,14200,0,3000,3000,0,0.4,167022,0.43211
47,off,250,900,0.9968171646781178,3326786.4966998887,3337408.919693053,0.0,8286,0,987,21.048844028264284,1338,0.9963664279650908,0.00014330049762913268,0.12317577075753672,0.00014330049762913268,2076259.4870526786,761,0.5687593423019432,1.0,1.0,1.0,0.3275085054149851,2645958.121787834,2076259.4870526795,0.0208064465882587,0.5687593423019432,2507.4024363089666,2087.7249699465087,0.3138232169451052,nan,nan,nan,nan,nan,0,0,0,0,0,0,0.4,166644,0.491264
47,off,500,1344,0.9909388662925924,3307168.2112354194,3337408.919693053,0.0,8392,0,1462,13.635807638987899,1338,0.9911061012334499,0.0009353456557142452,0.5495083740453022,0.0009353456557142452,2052755.9170726903,761,0.5687593423019432,1.0,1.0,1.0,0.3288332272661356,2613590.153825138,2052755.9170726906,0.01856314040745351,0.5687593423019432,2481.882891873986,2087.7249699465087,0.31423693810079745,nan,nan,nan,nan,nan,0,0,0,0,0,0,0.4,166644,0.313473
47,off,750,2481,0.9765427123224868,3259122.3585663144,3337408.919693053,0.0,8750,0,2392,15.843704668805005,1338,0.977579980902961,0.006537809402661482,0.9770004087147892,0.006537809402661482,2030325.344196938,762,0.5695067264573991,1.0,1.0,1.0,0.3373637628211805,2601241.219849898,2030325.3441969382,0.014024815792005148,0.5695067264573991,2422.9492668009857,2082.149893971633,0.3184681398180318,nan,nan,nan,nan,nan,0,0,0,0,0,0,0.4,166644,0.204063
47,off,1000,4281,0.9549277835333415,3186984.5024268907,3337408.919693053,0.0,9789,1,3665,19.838368944823742,1338,0.9583513602103181,0.01743637761559953,0.9980022720927821,0.01743637761559953,1998125.7230792032,766,0.5724962630792227,1.0,1.0,1.0,0.35131513284401605,2556358.5183427827,1998125.7230792039,0.007854264488145387,0.5724962630792227,2331.0350795900895,2077.8093211813725,0.3266117700473894,nan,nan,nan,nan,nan,0,0,0,0,0,0,0.4,166644,0.145875
47,off,1250,5846,0.9317967217189537,3109786.690405581,3337408.919693053,0.0,12018,14,5558,25.2624848280102,1338,0.9386157110104042,0.029447445945962537,0.9996929112538896,0.029447445945962537,1928545.4238686475,770,0.5754857997010463,1.0,1.0,1.0,0.3638303201545341,2441710.6285837097,1928545.4238686487,0.002916157140754788,0.5754857997010463,2229.890373226124,2078.1654310662516,0.3336648564196212,nan,nan,nan,nan,nan,0,0,0,0,0,0,0.4,166644,0.11727
47,off,1500,7169,0.9126302269662028,3045820.2598585,3337408.919693053,0.0,15296,38,7558,29.784907516092062,1338,0.9221135890451495,0.04101967343567047,0.9998976370846299,0.04101967343567047,1926078.6898486326,780,0.5829596412556054,1.0,1.0,1.0,0.37977542428156363,2448604.2626815364,1926078.689848633,0.0007830779522237837,0.5829596412556054,2151.009783560429,2072.2451559670494,0.34316933526677973,nan,nan,nan,nan,nan,0,0,0,0,0,0,0.4,166644,0.106772
47,off,1750,8897,0.8888319860752528,2966395.79843604,3337408.919693053,0.0,19200,64,9922,33.872795559465885,1338,0.9009932681879266,0.05466185014275113,0.999853430541104,0.05466185014275113,1895179.932446234,780,0.5829596412556054,1.0,1.0,1.0,0.39624454757313576,2397976.2223672215,1895179.9324462346,6.52268266782111e-05,0.5829596412556054,2049.6960118470047,2072.2451559670494,0.3525425383752956,nan,nan,nan,nan,nan,0,0,0,0,0,0,0.4,166644,0.0994
47,off,2000,10245,0.8646955056871483,2885842.4934987836,3337408.919693053,0.0,24023,106,13177,39.996073840186,1338,0.8811791839446,0.0686784494961902,0.9994977131245238,0.0686784494961902,1879062.919660744,785,0.5866965620328849,1.0,1.0,1.0,0.4143183178745018,2353538.3821001956,1879062.9196607443,0.0016538381618482767,0.5866965620328849,1952.6449015651299,2065.8525802037398,0.36400657123961877,nan,nan,nan,nan,nan,0,0,0,0,0,0,0.4,166644,0.096817
47,off,2250,11568,0.8450144759350621,2820158.849255427,3337408.919693053,0.0,29668,154,17136,45.66436495631933,1338,0.8641204970522697,0.07985591332910336,1.0,0.07985591332910336,1884860.5647694224,793,0.5926756352765321,1.0,1.0,1.0,0.4302289659603844,2335887.952676515,1884860.5647694226,0.004158043602270073,0.5926756352765321,1877.5186549379216,2057.6981652607406,0.37536261981602514,nan,nan,nan,nan,nan,0,0,0,0,0,0,0.4,166644,0.097132
47,off,2500,12564,0.8267377777629032,2759162.033753126,3337408.919693053,0.0,35973,222,21459,49.84457299299538,1338,0.8497040969482509,0.08915188786387146,0.9999612093542386,0.08915188786387146,1838948.0790144538,804,0.600896860986547,1.0,1.0,1.0,0.43831088901810933,2223013.2701130826,1838948.0790144545,0.008050009787979597,0.600896860986547,1806.6168669709784,2055.067666410203,0.38193152345595016,nan,nan,nan,nan,nan,0,0,0,0,0,0,0.4,166644,0.099004
47,off,2750,12869,0.8185168073962825,2731725.293923034,3337408.919693053,0.0,42586,315,26308,52.861774204298854,1338,0.8424635447669682,0.09335282222111584,0.9998976370846299,0.09335282222111584,1840335.9678360564,807,0.6031390134529148,1.0,1.0,4.5,0.44546463909970524,2212075.106258528,1840335.9678360568,0.010290457513952555,0.6031390134529148,1774.1062317417359,2055.385669024255,0.3868226301015807,nan,nan,nan,nan,nan,0,0,0,0,0,0,0.4,166644,0.101876
47,off,3000,13791,0.8065333527923453,2691731.605639117,3337408.919693053,0.0,49060,394,31227,54.53063066676259,1338,0.832926460143233,0.09907018951684546,0.9999420409692407,0.09907018951684546,1810869.6212243955,812,0.6068759342301944,1.0,1.0,8.0,0.4504064210630514,2142286.8916236637,1810869.6212243962,0.013762613415397385,0.6068759342301944,1729.0561321012508,2052.2620274349747,0.3909623531445976,66650012.117,2.899244722614322,12917419.414999995,0.5619017743461474,7662.916666666667,0,0,0,0,0,0,0.4,166644,0.104191
47,on,250,850,0.9892592786999491,3089670.5020132535,3123216.0956565333,0.06417937663336115,8401,0,922,27.40275776013732,1338,0.9891731177831258,0.0004933323265866612,0.1957039945780482,0.0004933323265866612,2050387.165222929,766,0.5724962630792227,1.0,1.0,1.0,0.3346372586108566,2636435.404629923,2050387.16522293,0.013826047352883824,0.5724962630792227,2454.666622362071,2114.328442804034,0.3143874740062411,nan,nan,nan,nan,nan,1999,794,0,250,250,0,0.4,166644,0.452485
47,on,500,1280,0.9802727764919856,3061603.713673689,3123216.0956565333,0.06417937663336115,8530,0,1370,20.606918347999454,1338,0.9810983685985188,0.0030584298799962556,0.898184563456319,0.0030584298799962556,2029709.7613490273,766,0.5724962630792227,1.0,1.0,1.0,0.3389430943054492,2610405.6348266806,2029709.761349028,0.011121438412150797,0.5724962630792227,2418.0259065140754,2114.328442804034,0.3165890129219413,nan,nan,nan,nan,nan,2781,814,0,500,500,0,0.4,166644,0.277087
47,on,750,2170,0.9568362925679349,2988406.509856498,3123216.0956565333,0.06417937663336115,8963,0,2183,23.19659954868257,1338,0.9602558893543954,0.013424918441798975,0.9985652875370187,0.013424918441798975,1996507.434964562,766,0.5724962630792227,1.0,1.0,1.0,0.3530932487190275,2573319.130382543,1996507.4349645623,0.0053106994445262165,0.5724962630792227,2322.468199180927,2114.328442804034,0.3242213374755676,nan,nan,nan,nan,nan,4161,936,0,750,750,0,0.4,166644,0.167976
47,on,1000,3365,0.9268102671419489,2894628.7439574664,3123216.0956565333,0.06417937663336115,9848,1,3439,26.148345524445176,1338,0.9343058709851153,0.0288374135113546,0.9991325924139577,0.0288374135113546,1956925.5031339463,767,0.5732436472346786,1.0,1.0,1.0,0.3716688317864023,2516884.6454116525,1956925.5031339466,0.0009671079441202636,0.5732436472346786,2200.935400186569,2112.97949564688,0.33466266442000236,nan,nan,nan,nan,nan,4469,1032,0,1000,1000,0,0.4,166644,0.105726
47,on,1250,4201,0.8945017057764406,2793722.125073204,3123216.0956565333,0.06417937663336115,11431,13,5363,29.972351836040616,1338,0.9091593302658694,0.04257392695128012,0.9983852961452955,0.04257392695128012,1843877.3913706793,767,0.5732436472346786,1.0,1.0,1.0,0.386416891024409,2322166.9433127414,1843877.3913706795,0.00025225764542552464,0.5732436472346786,2069.3752712631494,2112.97949564688,0.3427913877442448,nan,nan,nan,nan,nan,6002,1047,0,1250,1250,0,0.4,166644,0.071234
47,on,1500,4843,0.8710758459242568,2720558.1025282694,3123216.0956565333,0.06417937663336115,13623,37,7206,32.007558029145,1338,0.8903764401366241,0.05765408423888464,1.0,0.05765408423888464,1846553.4914375606,768,0.5739910313901345,1.0,1.0,1.0,0.4062187703978952,2316802.2770535806,1846553.4914375613,0.002631780863467197,0.5739910313901345,1973.245159171759,2114.22073734098,0.35428033073341525,nan,nan,nan,nan,nan,7096,1047,0,1500,1500,0,0.4,166644,0.051957
47,on,1750,5445,0.851340637525723,2658920.7820068323,3123216.0956565333,0.06417937663336115,16119,79,9070,33.474682005122304,1338,0.8744426054649754,0.07036807598148673,0.9998680831878853,0.07036807598148673,1860056.198854934,769,0.5747384155455905,1.0,1.0,1.0,0.4255917963849649,2324971.1583748027,1860056.1988549347,0.006417045435788804,0.5747384155455905,1893.2578354115144,2114.2451785156018,0.3654856167063696,nan,nan,nan,nan,nan,7723,1047,0,1750,1750,0,0.4,166644,0.040719
47,on,2000,5987,0.8323991775258534,2599762.5092600053,3123216.0956565333,0.06417937663336115,18837,132,11844,35.93715905956924,1338,0.8598826932976008,0.07994129989798002,0.9990809318821297,0.07994129989798002,1858662.1455335126,771,0.5762331838565022,1.0,1.0,1.0,0.4398619455675399,2301584.1505001523,1858662.1455335133,0.01132482106325601,0.5762331838565022,1818.6041593919342,2112.20229694678,0.3744822086914166,nan,nan,nan,nan,nan,8248,1047,0,2000,2000,0,0.4,166644,0.033644
47,on,2250,6530,0.8176849511377383,2553806.80056951,3123216.0956565333,0.06417937663336115,21965,174,14688,38.36473782360554,1338,0.8486368366785262,0.08708415757245744,0.9991926480726477,0.08708415757245744,1832727.045306283,771,0.5762331838565022,1.0,1.0,1.0,0.4508830447639651,2240238.7487347363,1832727.0453062835,0.016621772587600964,0.5762331838565022,1758.998830351084,2112.20229694678,0.38098105619123457,nan,nan,nan,nan,nan,8844,1047,0,2250,2250,0,0.4,166644,0.029349
47,on,2500,6674,0.8038981440360485,2510747.622721801,3123216.0956565333,0.06417937663336115,25477,249,17815,39.876581555232406,1338,0.8372309398161376,0.09408367838766318,0.9991642509709814,0.09408367838766318,1802981.3109150126,771,0.5762331838565022,1.0,1.0,1.0,0.45941169520286085,2170577.651740426,1802981.3109150133,0.022661617863464545,0.5762331838565022,1703.1503506523698,2112.20229694678,0.3859660618416283,nan,nan,nan,nan,nan,9380,1047,0,2500,2500,0,0.4,166644,0.027357
47,on,2750,6848,0.7972648309345955,2490030.3524758136,3123216.0956565333,0.06417937663336115,28966,322,20555,39.365225879475474,1338,0.8324503336150707,0.09704739853790874,0.999743755178478,0.09704739853790874,1815004.369523534,772,0.5769805680119582,1.0,1.0,1.0,0.46538237253323556,2180359.56116423,1815004.3695235348,0.025276523350669676,0.5769805680119582,1677.610186014167,2111.157754192362,0.3900743116781207,nan,nan,nan,nan,nan,9695,1047,0,2750,2750,0,0.4,166644,0.025367
47,on,3000,7068,0.786577285920735,2456650.8398654703,3123216.0956565333,0.06417937663336115,32411,381,24062,41.39674888364971,1338,0.8246024353706819,0.10140145640595513,0.9995459223298407,0.10140145640595513,1817622.8941956668,773,0.577727952167414,1.0,1.0,1.0,0.47273639648464005,2167426.481606885,1817622.894195667,0.030134379306913164,0.577727952167414,1635.9755482220912,2109.8083913093697,0.3949473634685199,40599458.565,2.9387422279727113,8166395.937,0.5911145970575994,4605.083333333333,9960,1047,0,3000,3000,0,0.4,166644,0.023706
48,off,250,947,0.9958937208994233,3327857.452231018,3341578.907863305,0.0,8329,0,928,21.331820759922266,1322,0.9955045420015511,0.00022827655589313547,0.2107494136263942,0.00022827655589313547,2228354.685213949,765,0.5786686838124054,1.0,1.0,1.0,0.32760605465637904,2678464.8761926754,2228354.68521395,0.022373172004945832,0.5786686838124054,2546.1989718910654,2094.000510969237,0.3275162077499263,nan,nan,nan,nan,nan,0,0,0,0,0,0,0.4,166788,0.487147
48,off,500,1630,0.9862266685577354,3295554.234024823,3341578.907863305,0.0,8480,0,1445,13.926537692546844,1322,0.987238780733346,0.0032778705314117904,0.9723541210571806,0.0032778705314117904,2199534.7968476387,766,0.5794251134644478,1.0,1.0,1.0,0.33141157462022686,2640693.0681307004,2199534.796847639,0.01882991165833575,0.5794251134644478,2504.7663177517534,2092.5081827256204,0.3294690249749703,nan,nan,nan,nan,nan,0,0,0,0,0,0,0.4,166788,0.300497
48,off,750,3248,0.9645991318263751,3223284.1134542706,3341578.907863305,0.0,9167,0,2395,17.175661981105804,1322,0.9670036626950433,0.013585015313883021,0.9940431270588395,0.013585015313883021,2171848.129057091,769,0.5816944024205749,1.0,1.0,1.0,0.3446930589077126,2612534.0395291867,2171848.129057092,0.011209739009532389,0.5816944024205749,2409.460333396673,2093.1464917273515,0.33690298062695634,nan,nan,nan,nan,nan,0,0,0,0,0,0,0.4,166788,0.189181
48,off,1000,4815,0.9435526077601603,3152955.49255077,3341578.907863305,0.0,11117,1,3849,22.501517264172435,1322,0.9483281566403119,0.025061972221699768,0.9996509762980106,0.025061972221699768,2149804.3195788725,771,0.5832072617246596,1.0,1.0,1.0,0.35939780379601705,2597766.5391797656,2149804.3195788735,0.006301653234896336,0.5832072617246596,2322.8126131151466,2086.734794852867,0.34521640029853184,nan,nan,nan,nan,nan,0,0,0,0,0,0,0.4,166788,0.134888
48,off,1250,6187,0.9218844548778005,3080549.6499067186,3341578.907863305,0.0,13968,10,5867,26.83068112283945,1322,0.9298718898067204,0.03583129154284078,0.9983786819519879,0.03583129154284078,2073605.1604357993,780,0.5900151285930408,1.0,1.0,1.0,0.3713941389118709,2461431.3271890003,2073605.1604357995,0.002497719754163756,0.5900151285930408,2230.0838728345034,2083.7585815405564,0.35284116034680335,nan,nan,nan,nan,nan,0,0,0,0,0,0,0.4,166788,0.113112
48,off,1500,7925,0.8954922768955328,2992358.104628599,3341578.907863305,0.0,17421,68,7817,31.08290020003915,1322,0.9068770895278142,0.05243985454321189,1.0,0.05243985454321189,2020741.9176001002,785,0.5937972768532527,1.0,1.0,1.0,0.39071366776831207,2366563.087517655,2020741.9176001009,0.00017098402578986664,0.5937972768532527,2119.19316125217,2081.3451836297813,0.3649472026358207,nan,nan,nan,nan,nan,0,0,0,0,0,0,0.4,166788,0.100956
48,off,1750,9466,0.8684121396681169,2901867.689247422,3341578.907863305,0.0,21920,135,10688,37.292275140061975,1322,0.8855051560331121,0.06849426653988523,1.0,0.06849426653988523,1972018.4865003412,791,0.5983358547655068,1.0,1.0,1.0,0.40792317461756133,2268523.054203561,1972018.4865003412,0.0006490654531528054,0.5983358547655068,2006.7637302840467,2079.742357702289,0.3758913694897328,nan,nan,nan,nan,nan,0,0,0,0,0,0,0.4,166788,0.100008
48,off,2000,10880,0.8467712487387913,2829552.9445706173,3341578.907863305,0.0,26939,218,14114,41.60875830054283,1322,0.8693611467538057,0.07942199716345431,1.0,0.07942199716345431,1949863.7504859518,801,0.6059001512859304,1.0,1.0,1.0,0.4190846658738907,2207101.513665862,1949863.7504859527,0.002498257310865654,0.6059001512859304,1925.755031949618,2068.584247741776,0.38434944002097704,nan,nan,nan,nan,nan,0,0,0,0,0,0,0.4,166788,0.101935
48,off,2250,12456,0.8244996916674235,2755130.779215661,3341578.907863305,0.0,32904,329,18197,48.35582155920565,1322,0.8505863111848685,0.09116012208953768,1.0,0.09116012208953768,1947601.166995493,804,0.6081694402420574,1.0,1.0,1.0,0.4363162824872482,2191246.3426001966,1947601.166995493,0.006238277909057424,0.6081694402420574,1837.8177445592496,2063.616177246142,0.3951635768424817,nan,nan,nan,nan,nan,0,0,0,0,0,0,0.4,166788,0.105444
48,off,2500,13357,0.8097119596666483,2705716.405866735,3341578.907863305,0.0,39390,489,22871,52.810637295246124,1322,0.8382905665081447,0.09955673131711686,0.9995876303453572,0.09955673131711686,1967314.716714484,808,0.6111951588502269,1.0,1.0,1.0,0.4511136394305286,2221001.993360005,1967314.716714484,0.008503664826666925,0.6111951588502269,1786.131773404151,2051.4604572186417,0.4048255843731081,nan,nan,nan,nan,nan,0,0,0,0,0,0,0.4,166788,0.10775
48,off,2750,14025,0.7959405766239797,2659698.2427592473,3341578.907863305,0.0,45987,618,28041,56.55648447945714,1322,0.8273254439682486,0.10490050803008072,0.9996944902787283,0.10490050803008072,1946217.0184599387,810,0.6127080181543116,1.0,1.0,1.0,0.45838924206123677,2184195.1620143563,1946217.018459939,0.01168909908500403,0.6127080181543116,1734.958420652969,2044.5863427011104,0.4094620609046644,nan,nan,nan,nan,nan,0,0,0,0,0,0,0.4,166788,0.110379
48,off,3000,15023,0.7822571342925757,2613973.9404776637,3341578.907863305,0.0,52879,764,33056,59.932891039177775,1322,0.8154498188407149,0.11351538019933276,0.999764420688591,0.11351538019933276,1954669.2524440084,814,0.6157337367624811,1.0,1.0,1.0,0.47245140982830347,2191561.0395864435,1954669.252444009,0.014781873143620707,0.6157337367624811,1686.3530964589575,2035.806096094515,0.41866135402337123,73247534.597,2.931103136165828,13737158.02700001,0.5497117028781805,8329.916666666666,0,0,0,0,0,0,0.4,166788,0.113132
48,on,250,864,0.9882800525129912,3091100.363584826,3127757.517441335,0.06398813145450843,8468,0,855,28.271356908604503,1322,0.9882925492528185,0.000578526611069424,0.2224493879577114,0.000578526611069424,2205364.988865477,770,0.5824508320726173,1.0,1.0,1.0,0.333028074274464,2667026.9988247594,2205364.9888654784,0.01672796676330738,0.5824508320726173,2500.8244792958494,2111.350569795329,0.3281508000026967,nan,nan,nan,nan,nan,1967,786,0,250,250,0,0.4,166788,0.447973
48,on,500,1402,0.9751606038277705,3050065.909334941,3127757.517441335,0.06398813145450843,8651,0,1319,21.823178423568606,1322,0.9779160278684311,0.005511044574053551,0.9846737978542599,0.005511044574053551,2173391.9098416013,770,0.5824508320726173,1.0,1.0,1.0,0.3389104664974629,2628280.133848535,2173391.9098416017,0.012646746696705059,0.5824508320726173,2447.5329802700253,2111.350569795329,0.3311936729956029,nan,nan,nan,nan,nan,2913,861,0,500,500,0,0.4,166788,0.267704
48,on,750,2452,0.9476635866827242,2964061.907252309,3127757.517441335,0.06398813145450843,9281,0,2249,24.398529635742307,1322,0.9541101869694114,0.01871784890560684,0.9981214306203517,0.01871784890560684,2112276.1812899606,770,0.5824508320726173,1.0,1.0,1.0,0.35347522050964786,2549499.8974693944,2112276.1812899616,0.005802376953953733,0.5824508320726173,2335.839471071802,2111.350569795329,0.3390910997885901,nan,nan,nan,nan,nan,4376,934,0,750,750,0,0.4,166788,0.158118
48,on,1000,3478,0.9170682521939751,2868367.119806492,3127757.517441335,0.06398813145450843,10578,0,3650,27.39561159349978,1322,0.9290664904680336,0.0313165563963168,0.9992240453325464,0.0313165563963168,2045838.8097424428,771,0.5832072617246596,1.0,1.0,1.0,0.3711793073424523,2449655.0011335667,2045838.8097424435,0.00114952973816126,0.5832072617246596,2210.7142196904656,2112.3529154721296,0.34923035334365493,nan,nan,nan,nan,nan,4781,1027,0,1000,1000,0,0.4,166788,0.099054
48,on,1250,4222,0.8870747627355233,2774554.757678522,3127757.517441335,0.06398813145450843,12437,11,5522,30.779128819704056,1322,0.9054852345425485,0.04591591223881106,0.9986459710066315,0.04591591223881106,1964042.2239343936,771,0.5832072617246596,1.0,1.0,1.0,0.38693238314421463,2313207.85572283,1964042.2239343943,6.727594079508693e-05,0.5832072617246596,2089.0380042196866,2112.3529154721296,0.35818136359198216,nan,nan,nan,nan,nan,6319,1043,0,1250,1250,0,0.4,166788,0.06729
48,on,1500,5098,0.860359974751503,2690997.378734651,3127757.517441335,0.06398813145450843,14556,69,7389,32.933144902810454,1322,0.8855668083178021,0.0630584844287614,0.9992441744703644,0.0630584844287614,1945296.4356513997,772,0.583963691376702,1.0,1.0,1.0,0.40879452663869964,2271166.5065530776,1945296.4356514001,0.002193695879165646,0.583963691376702,1980.4118565273923,2112.9444099918255,0.37109046079554475,nan,nan,nan,nan,nan,7290,1043,0,1500,1500,0,0.4,166788,0.04985
48,on,1750,5598,0.8393150466277799,2625173.946591663,3127757.517441335,0.06398813145450843,17072,145,9753,35.56752651557326,1322,0.8706257838678786,0.07353282771531212,0.9993204102553553,0.07353282771531212,1918124.7087506275,775,0.586232980332829,1.0,1.0,1.0,0.42211638625507586,2204109.286881619,1918124.7087506282,0.006155659803190519,0.586232980332829,1894.4703966409636,2115.0994318005796,0.37945670331998804,nan,nan,nan,nan,nan,7878,1043,0,1750,1750,0,0.4,166788,0.040315
48,on,2000,6229,0.8207083700833231,2566976.774155139,3127757.517441335,0.06398813145450843,19841,203,12212,36.88530719280243,1322,0.8555823440493827,0.08281077525291082,0.9989255448353631,0.08281077525291082,1915302.1672650364,776,0.5869894099848714,1.0,1.0,1.0,0.4364645959722371,2180620.288186677,1915302.1672650368,0.011021919898501627,0.5869894099848714,1819.8628792171176,2114.950878905964,0.38826720148324156,nan,nan,nan,nan,nan,8494,1043,0,2000,2000,0,0.4,166788,0.034879
48,on,2250,6785,0.8031914779322261,2512188.1830473365,3127757.517441335,0.06398813145450843,22815,298,15152,38.85960579663515,1322,0.840577730247554,0.09288044425344091,0.9994994913737804,0.09288044425344091,1932942.7048353802,776,0.5869894099848714,1.0,1.0,1.0,0.45520679601016956,2191404.4206874925,1932942.704835381,0.016772702566098155,0.5869894099848714,1749.2590246967532,2114.950878905964,0.39940089011056323,nan,nan,nan,nan,nan,9205,1043,0,2250,2250,0,0.4,166788,0.031911
48,on,2500,7144,0.7907306390554267,2473213.700576802,3127757.517441335,0.06398813145450843,26057,391,18636,40.72640379704535,1322,0.8310875176663572,0.10013470008804819,0.9995223374739363,0.10013470008804819,1926052.0626077119,779,0.5892586989409985,1.0,1.0,1.0,0.46402510208892167,2172942.340552007,1926052.062607712,0.02029841439186289,0.5892586989409985,1705.7314970087016,2107.640634267078,0.40486147962481644,nan,nan,nan,nan,nan,9722,1043,0,2500,2500,0,0.4,166788,0.029904
48,on,2750,7335,0.7801595096210958,2440149.771020728,3127757.517441335,0.06398813145450843,29364,509,21847,42.00484438799322,1322,0.8242536034446234,0.10483030721866464,0.9994290228057717,0.10483030721866464,1898334.7114093166,780,0.5900151285930408,1.0,1.0,1.0,0.4677728719887906,2109434.0868655187,1898334.711409317,0.024942275797026382,0.5900151285930408,1664.4143845356464,2106.838655134547,0.40746803092244854,nan,nan,nan,nan,nan,10030,1043,0,2750,2750,0,0.4,166788,0.029348
48,on,3000,7428,0.7727659710837137,2417024.575279939,3127757.517441335,0.06398813145450843,32736,635,25490,42.7072394117713,1322,0.8170416338680347,0.10845064514231689,0.9990418894599243,0.10845064514231689,1896646.3521724693,782,0.5915279878971256,1.0,1.0,1.0,0.47305695504984113,2090628.071904809,1896646.35217247,0.028387970416232842,0.5915279878971256,1635.488269547066,2107.5421268409877,0.4111847908475672,42287441.785,2.914616475230464,8469986.078999994,0.5837846871026101,4836.25,10365,1043,0,3000,3000,0,0.4,166788,0.029091
49,off,250,900,0.9962129975188503,3255302.7639865545,3267677.4666603943,3.3306690738754696e-16,8398,0,889,21.20419440418482,1343,0.9959178555493485,0.00014711004751719278,0.1221776619795849,0.00014711004751719278,2059882.0121307306,751,0.5591958302308265,1.0,1.0,1.0,0.3239733049568263,2531056.5381900812,2059882.0121307317,0.018483067379093637,0.5591958302308265,2437.6439979015936,2044.6341917817115,0.32217821966750093,nan,nan,nan,nan,nan,0,0,0,0,0,0,0.400001,166730,0.49608
49,off,500,1431,0.9887859596206806,3231033.5996026727,3267677.4666603943,3.3306690738754696e-16,8510,0,1349,13.81971849873662,1343,0.9894350957545663,0.001341798478798022,0.788177728220276,0.001341798478798022,2025291.1630792082,751,0.5591958302308265,1.0,1.0,1.0,0.32559860611421776,2479844.9959909306,2025291.1630792092,0.015859136905675253,0.5591958302308265,2405.6104998283413,2044.6341917817115,0.3227024303165724,nan,nan,nan,nan,nan,0,0,0,0,0,0,0.400001,166730,0.31609
49,off,750,2659,0.9721762748498318,3176758.506948638,3267677.4666603943,3.3306690738754696e-16,8965,0,2388,16.457601100206375,1343,0.9758659053439969,0.00795174738401591,0.9964128784845551,0.00795174738401591,1943032.2788283185,753,0.5606850335070737,1.0,1.0,1.0,0.3309898055160525,2349733.7992429463,1943032.2788283194,0.011113470086896242,0.5606850335070737,2336.48019983702,2040.3945434336365,0.32541167928949166,nan,nan,nan,nan,nan,0,0,0,0,0,0,0.400001,166730,0.204057
49,off,1000,4111,0.9526051370233198,3112806.3408760396,3267677.4666603943,3.3306690738754696e-16,10330,0,4117,20.61500671505928,1343,0.9593578871072266,0.016594870782881917,1.0,0.016594870782881917,1890676.9775984075,758,0.5644080416976918,1.0,1.0,1.0,0.33925865005131994,2273855.160796268,1890676.9775984087,0.0061005243630302165,0.5644080416976918,2253.461789199486,2036.8631480569254,0.3295362380000513,nan,nan,nan,nan,nan,0,0,0,0,0,0,0.400001,166730,0.143356
49,off,1250,5858,0.9257548040918583,3025068.112983573,3267677.4666603943,3.3306690738754696e-16,12688,7,6421,25.949177872389555,1343,0.9387559971792658,0.030118086902645343,0.9989656765810395,0.030118086902645343,1848694.5741091578,763,0.5681310498883098,1.0,1.0,1.0,0.35466624231837507,2202231.436050916,1848694.5741091592,0.001531857996773051,0.5681310498883098,2140.6688901064445,2033.2349300635753,0.3386409657913305,nan,nan,nan,nan,nan,0,0,0,0,0,0,0.400001,166730,0.114101
49,off,1500,7292,0.9043452917412707,2955108.7319033705,3267677.4666603943,3.3306690738754696e-16,15730,27,8868,30.245057836174965,1343,0.9200044844274198,0.045173548837912046,1.0,0.045173548837912046,1867676.0816840727,764,0.5688756515264334,1.0,1.0,1.0,0.37809630381507486,2237632.5479096207,1867676.0816840741,3.9529721007967334e-05,0.5688756515264334,2050.1901353779513,2032.840006518703,0.3521860003698878,nan,nan,nan,nan,nan,0,0,0,0,0,0,0.400001,166730,0.101956
49,off,1750,8600,0.885046141319337,2892045.3329439284,3267677.4666603943,3.3306690738754696e-16,19608,94,11800,35.70252636820078,1343,0.903820628019645,0.05753162669418412,0.999687531326338,0.05753162669418412,1859496.7411605695,767,0.5711094564408041,1.0,1.0,1.0,0.39600856188910516,2215518.9073047526,1859496.7411605713,0.0004372562203203712,0.5711094564408041,1971.5173376927248,2029.131970447223,0.36294761982144297,nan,nan,nan,nan,nan,0,0,0,0,0,0,0.400001,166730,0.099003
49,off,2000,9705,0.86965005544766,2841735.8900662814,3267677.4666603943,3.3306690738754696e-16,23934,177,15706,40.29206331260502,1343,0.8890120257153237,0.06878234282608274,1.0,0.06878234282608274,1869280.8692935533,772,0.5748324646314222,1.0,1.0,1.0,0.41254118875625023,2257600.8571779695,1869280.869293555,0.0013667513852301907,0.5748324646314222,1915.7167938274604,2017.9592679852205,0.3724630680661609,nan,nan,nan,nan,nan,0,0,0,0,0,0,0.400001,166730,0.10032
49,off,2250,10656,0.8530222172564967,2787401.477889742,3267677.4666603943,3.3306690738754696e-16,28690,280,20096,44.070703364908695,1343,0.8742751371118616,0.07647935987061757,1.0,0.07647935987061757,1843086.7805530555,780,0.580789277736411,1.0,1.0,8.0,0.4217252303808181,2189104.6360186064,1843086.7805530573,0.003463986386528699,0.580789277736411,1851.1945377263253,2013.1275871311423,0.37912259391865555,nan,nan,nan,nan,nan,0,0,0,0,0,0,0.400001,166730,0.10199
49,off,2500,11451,0.8395498011903672,2743377.9674889767,3267677.4666603943,3.3306690738754696e-16,33754,386,24853,47.41241227090359,1343,0.8638952412990234,0.08302935945132754,1.0,0.08302935945132754,1819934.202928764,788,0.5867460908413998,1.0,1.0,8.25,0.4283193705710642,2139612.4747651364,1819934.2029287654,0.004847025517382934,0.5867460908413998,1807.7357302340242,1998.471395692257,0.38435848771081527,nan,nan,nan,nan,nan,0,0,0,0,0,0,0.400001,166730,0.103518
49,off,2750,12377,0.8264715989992021,2700642.620884478,3267677.4666603943,3.3306690738754696e-16,39091,487,29774,49.69216283597052,1343,0.8540439591145846,0.08903278376779457,0.9999692230853315,0.08903278376779457,1808197.3793378433,790,0.5882352941176471,1.0,1.0,9.0,0.436527395745522,2107599.200851797,1808197.379337845,0.007627777747271628,0.5882352941176471,1756.8524317460046,1995.4806696504236,0.3896575402147342,nan,nan,nan,nan,nan,0,0,0,0,0,0,0.400001,166730,0.106332
49,off,3000,13311,0.8117676161676628,2652594.7475156956,3267677.4666603943,3.3306690738754696e-16,44857,618,35527,53.533634616062045,1343,0.8415087556743988,0.09692048221284377,1.0,0.09692048221284377,1815924.366295975,798,0.5941921072226359,1.0,1.0,9.0,0.4492441112647354,2101306.9447258622,1815924.3662959763,0.010634265510814492,0.5941921072226359,1704.9240889697023,1987.9192070211984,0.39871498534636385,64001637.34,2.8976078296793473,13915260.879,0.6299990211316228,7362.583333333333,0,0,0,0,0,0,0.400001,166730,0.1099
49,on,250,810,0.9885429836600298,3018316.4840763137,3053298.171113563,0.06560601458807092,8537,0,799,27.910155875608325,1343,0.9888641824713941,0.0005299300582874527,0.1543984542180098,0.0005299300582874527,2029195.673030249,743,0.5532390171258377,1.0,1.0,1.0,0.32840754197796573,2506059.5950229843,2029195.6730302505,0.012018237416080792,0.5532390171258377,2387.7776140701194,2073.6628613703588,0.32234671868530373,nan,nan,nan,nan,nan,1929,804,0,250,250,0,0.400001,166730,0.458306
49,on,500,1204,0.9797729009086639,2991538.8064510534,3053298.171113563,0.06560601458807092,8643,0,1299,20.799492923542857,1343,0.981803106923187,0.0027008086394884113,0.9073481778926141,0.0027008086394884113,1998739.870926071,743,0.5532390171258377,1.0,1.0,1.0,0.33149753039471275,2460544.5919594965,1998739.8709260724,0.00956213917344407,0.5532390171258377,2351.7376711020697,2073.6628613703588,0.32380927316334485,nan,nan,nan,nan,nan,2718,804,0,500,500,0,0.400001,166730,0.28526
49,on,750,2019,0.9581878488573816,2925633.206499482,3053298.171113563,0.06560601458807092,8977,0,2155,22.46274601109326,1343,0.9645588666838926,0.011855449572849758,0.9982438192421867,0.011855449572849758,1932617.871903299,743,0.5532390171258377,1.0,1.0,1.0,0.341363470334483,2359550.925909883,1932617.8719033003,0.004586455742039009,0.5532390171258377,2263.03565232472,2073.6628613703588,0.32887636555169664,nan,nan,nan,nan,nan,3977,876,0,750,750,0,0.400001,166730,0.176415
49,on,1000,2914,0.9288736433190923,2836128.1963417763,3053298.171113563,0.06560601458807092,9735,0,3607,25.69331299699843,1343,0.9413104623293805,0.023788965011401104,0.9996265644248826,0.023788965011401104,1886652.5223148495,743,0.5532390171258377,1.0,1.0,1.0,0.3567958748870643,2290367.2336761234,1886652.5223148507,0.0006220724939904474,0.5532390171258377,2142.5713048715497,2073.6628613703588,0.33724796044960326,nan,nan,nan,nan,nan,4280,961,0,1000,1000,0,0.400001,166730,0.113216
49,on,1250,3844,0.8988496903114567,2744456.115533963,3053298.171113563,0.06560601458807092,11029,4,5448,28.642323195934296,1343,0.9170648315482105,0.0401225572368157,0.9987725709798929,0.0401225572368157,1872448.10193771,743,0.5532390171258377,1.0,1.0,1.0,0.37776352813728753,2265487.9505715314,1872448.1019377108,0.00039168209443624693,0.5532390171258377,2019.1903078220025,2073.6628613703588,0.34884204416881026,nan,nan,nan,nan,nan,5561,997,0,1250,1250,0,0.400001,166730,0.076671
49,on,1500,4481,0.877340111009889,2678780.956391064,3053298.171113563,0.06560601458807092,12676,25,7325,31.18702388741076,1343,0.8999145997089663,0.0534755047097557,0.9980503791685748,0.0534755047097557,1908708.185875539,744,0.5539836187639613,1.0,1.0,1.0,0.399578233300262,2320709.220243669,1908708.1858755404,0.0027258488689070044,0.5539836187639613,1929.9033337427743,2075.013148725276,0.36137972938572993,nan,nan,nan,nan,nan,6592,997,0,1500,1500,0,0.400001,166730,0.056642
49,on,1750,5080,0.8577070774756511,2618835.4510075646,3053298.171113563,0.06560601458807092,14513,55,9726,32.92950262501836,1343,0.8842939013235618,0.06564678586958925,0.9975716341611384,0.06564678586958925,1908176.6166612038,744,0.5539836187639613,1.0,1.0,1.0,0.4191113745047401,2306424.7694491097,1908176.6166612045,0.006595108895345485,0.5539836187639613,1849.3314179047375,2075.013148725276,0.37232442622199424,nan,nan,nan,nan,nan,7244,997,0,1750,1750,0,0.400001,166730,0.044716
49,on,2000,5527,0.8398699408174354,2564373.3542711316,3053298.171113563,0.06560601458807092,16703,111,12539,34.75496050156653,1343,0.8699747811811199,0.07719713497162846,0.9996265644248826,0.07719713497162846,1909064.5196884878,745,0.5547282204020849,1.0,1.0,1.0,0.4345578722534815,2301947.9066679757,1909064.5196884891,0.010851215532610394,0.5547282204020849,1780.4864200737736,2070.0852363146664,0.3808115141296997,nan,nan,nan,nan,nan,7811,997,0,2000,2000,0,0.400001,166730,0.037533
49,on,2250,6023,0.8238020780298606,2515313.378208126,3053298.171113563,0.06560601458807092,18947,150,15534,37.555916672572494,1343,0.8549128571510817,0.08606109247564137,0.9988796932746478,0.08606109247564137,1909926.0692259958,745,0.5547282204020849,1.0,1.0,1.0,0.45068089518569265,2284586.7390799797,1909926.069225997,0.016339873154957284,0.5547282204020849,1714.6341032106786,2070.0852363146664,0.3899441420745826,nan,nan,nan,nan,nan,8365,997,0,2250,2250,0,0.400001,166730,0.032531
49,on,2500,6177,0.8140780715470542,2485623.086998277,3053298.171113563,0.06560601458807092,21531,202,19079,39.06285950355232,1343,0.8482825272929974,0.09174285789505843,0.9997237289075017,0.09174285789505843,1856337.68474676,749,0.5577066269545793,1.0,1.0,1.0,0.4566028875275905,2168239.0502084238,1856337.6847467613,0.019845039933734206,0.5577066269545793,1679.873548380743,2066.3262613823244,0.3942640685771348,nan,nan,nan,nan,nan,8893,997,0,2500,2500,0,0.400001,166730,0.029073
49,on,2750,6472,0.803648045315433,2453777.1069806013,3053298.171113563,0.06560601458807092,24215,268,22481,38.8151945117861,1343,0.8420156697001577,0.09500605126058131,0.9992119533502639,0.09500605126058131,1787214.7349102711,750,0.5584512285927029,1.0,1.0,1.0,0.45721982318566745,2027027.9368674755,1787214.7349102725,0.025202978423238178,0.5584512285927029,1638.3694565092542,2065.767309609883,0.39510151276397676,nan,nan,nan,nan,nan,9261,997,0,2750,2750,0,0.400001,166730,0.02722
49,on,3000,6613,0.7988970408536631,2439270.873746527,3053298.171113563,0.06560601458807092,27039,329,25924,39.50676593929529,1343,0.8390975020649447,0.0971644208529194,0.9995613164263514,0.0971644208529194,1773283.3819990484,750,0.5584512285927029,1.0,1.0,1.0,0.45879006656489363,1994616.1504826902,1773283.3819990498,0.027752012970653484,0.5584512285927029,1619.0278121971555,2065.767309609883,0.3960082664987221,37668676.233,2.9449359888202644,8623528.884000001,0.674187231959972,4263.666666666667,9511,997,0,3000,3000,0,0.400001,166730,0.025826
50,off,250,871,0.9966308590221524,3359589.4139843527,3370946.608336636,-2.220446049250313e-16,8303,0,989,21.119165148586035,1369,0.9962133241623001,0.00015216505921015848,0.14155855974180143,0.00015216505921015848,1950642.9357318801,765,0.5588020452885317,1.0,1.0,1.0,0.3158368326538765,2390253.38502847,1950642.9357318801,0.017526066359761464,0.5588020452885317,2462.5060251427453,2090.1268575760673,0.3114952426516957,nan,nan,nan,nan,nan,0,0,0,0,0,0,0.4,166655,0.493019
50,off,500,1341,0.9900545367910043,3337420.982863935,3370946.608336636,-2.220446049250313e-16,8437,0,1478,13.691358983516693,1369,0.9905668519894353,0.001330960391944235,0.7062046866709033,0.001330960391944235,1929787.9816397808,766,0.5595325054784515,1.0,1.0,1.0,0.31711589942573726,2358966.633952618,1929787.9816397813,0.01517119010634991,0.5595325054784515,2433.956103426017,2089.2928119441904,0.31206727388083055,nan,nan,nan,nan,nan,0,0,0,0,0,0,0.4,166655,0.313293
50,off,750,2280,0.9759271778916322,3289798.410297342,3370946.608336636,-2.220446049250313e-16,8822,0,2423,15.827965904027224,1369,0.9780683381115653,0.00682443746699201,0.9955435306348689,0.00682443746699201,1913582.8378872331,768,0.5609934258582907,1.0,1.0,1.0,0.3250097537239267,2341345.1876157653,1913582.8378872331,0.010429087758189366,0.5609934258582907,2372.5736412406573,2087.9097401256176,0.3164591486018571,nan,nan,nan,nan,nan,0,0,0,0,0,0,0.4,166655,0.204562
50,off,1000,3561,0.9575025217061766,3227689.878019212,3370946.608336636,-2.220446049250313e-16,9649,1,3883,20.01440431177616,1369,0.9612474250643863,0.015791880366204877,0.9993859747025027,0.015791880366204877,1883151.3355269192,771,0.5631848064280497,1.0,1.0,1.0,0.3365468289189104,2299352.096035581,1883151.3355269192,0.005380675905803123,0.5631848064280497,2291.211978985063,2088.263081951999,0.3227351990501617,nan,nan,nan,nan,nan,0,0,0,0,0,0,0.4,166655,0.145974
50,off,1250,5166,0.9339030129162652,3148137.1939054495,3370946.608336636,-2.220446049250313e-16,11053,5,5814,23.56759626418352,1369,0.9417593178090595,0.027607598499235005,0.9999507358317805,0.027607598499235005,1828961.2196609296,775,0.5661066471877283,1.0,1.0,1.0,0.351413803409365,2207275.1472147405,1828961.2196609303,0.0015731105790921642,0.5661066471877283,2191.9323107246296,2083.7039080683335,0.3316045569661381,nan,nan,nan,nan,nan,0,0,0,0,0,0,0.4,166655,0.116321
50,off,1500,6282,0.9170106719911116,3091194.014556937,3370946.608336636,-2.220446049250313e-16,13151,22,7943,27.326705127954483,1369,0.9287038290948546,0.03808994188227046,0.9998874270787742,0.03808994188227046,1791937.0770373817,778,0.5682980277574872,1.0,1.0,1.0,0.3627086510526467,2140258.8348910077,1791937.0770373822,0.0002462039965279247,0.5682980277574872,2122.1649834869145,2079.7588343698294,0.33834558781599555,nan,nan,nan,nan,nan,0,0,0,0,0,0,0.4,166655,0.106579
50,off,1750,7580,0.8963755216505402,3021634.0245038713,3370946.608336636,-2.220446049250313e-16,15860,52,10834,32.621345868334174,1369,0.9108501501690641,0.050753682817336436,1.0,0.050753682817336436,1768642.0605753048,784,0.5726807888970051,1.0,1.0,1.0,0.37777100839933997,2090447.3035390151,1768642.0605753048,0.00024682784891961345,0.5726807888970051,2035.3697296734356,2077.605900466162,0.347325449437635,nan,nan,nan,nan,nan,0,0,0,0,0,0,0.4,166655,0.104725
50,off,2000,8965,0.8758250840250283,2952359.5964903184,3370946.608336636,-2.220446049250313e-16,19108,91,14092,36.3135623652488,1369,0.8954952748454209,0.06006429652059005,1.0,0.06006429652059005,1739467.6985522932,789,0.5763330898466034,1.0,1.0,1.0,0.38779786871855104,2024262.4867594456,1739467.6985522937,0.001998963229080992,0.5763330898466034,1952.7912358969716,2072.1245045785518,0.35404225121357213,nan,nan,nan,nan,nan,0,0,0,0,0,0,0.4,166655,0.105698
50,off,2250,10344,0.8579057084543681,2891954.338186891,3370946.608336636,-2.220446049250313e-16,23203,150,17929,41.66570675559342,1369,0.8815376806925269,0.0701400867748181,0.9999649300170904,0.0701400867748181,1737671.8993381932,793,0.579254930606282,1.0,1.0,1.0,0.4013350895400707,2005818.9469365529,1737671.8993381935,0.004804466852694038,0.579254930606282,1881.8279447873258,2066.9090577762245,0.3626128666960877,nan,nan,nan,nan,nan,0,0,0,0,0,0,0.4,166655,0.110094
50,off,2500,11492,0.8417663150356905,2837549.3046815894,3370946.608336636,-2.220446049250313e-16,27938,216,22137,46.324484039098024,1369,0.8687207562068825,0.07822376176895796,1.0,0.07822376176895796,1729117.7218447623,799,0.5836376917457998,1.0,1.0,1.0,0.4131651312788187,1978130.1771882558,1729117.7218447626,0.008123207908198413,0.5836376917457998,1820.4539146611155,2060.872864629515,0.3704596347543294,nan,nan,nan,nan,nan,0,0,0,0,0,0,0.4,166655,0.115589
50,off,2750,12110,0.8267159278779522,2786815.253138058,3370946.608336636,-2.220446049250313e-16,33202,292,26716,49.92778030410409,1369,0.8553683678158102,0.08535194629528647,1.0,0.08535194629528647,1717053.5139700605,807,0.589481373265157,1.0,1.0,1.0,0.4236894782034981,1936733.3137063005,1717053.513970061,0.012432597173316393,0.589481373265157,1761.901749763978,2058.9119533746257,0.37773596277528987,nan,nan,nan,nan,nan,0,0,0,0,0,0,0.4,166655,0.119625
50,off,3000,12984,0.8102516304344182,2731314.9855121314,3370946.608336636,-2.220446049250313e-16,38696,356,31694,52.456944504752755,1369,0.8426554250240046,0.09438868213572273,1.0,0.09438868213572273,1732707.0077530732,813,0.5938641344046749,1.0,1.0,1.0,0.43923463056324064,1965162.4420060883,1732707.007753074,0.015894701300175708,0.5938641344046749,1706.5526033886192,2044.4692065777476,0.3877672281233866,61875008.197,2.9827905995468567,13158175.583000002,0.6343123593810259,6914.666666666667,0,0,0,0,0,0,0.4,166655,0.12352
50,on,250,604,0.9013015519124885,3327227.826198421,3691581.1574254083,-0.09511706542483256,8555,0,941,30.102421129122376,1369,0.990037429622288,0.00034579316861173135,0.1299640226913421,0.005005850359155617,1907380.883861058,769,0.5617238860482103,1.0,1.0,1.0,0.3286479831374487,2327521.648221942,1907380.8838610584,0.007902944672727914,0.5617238860482103,2336.7168331452963,2089.272315157908,0.3188534471521174,nan,nan,nan,nan,nan,6108,14290,0,250,250,0,0.4,166655,0.60719
50,on,500,720,0.9000603077712884,3322645.672715002,3691581.1574254083,-0.09511706542483256,8707,0,1211,21.75393700040877,1369,0.9897478354983756,0.0005862886332026997,0.23919560161699005,0.012192184738974361,1877140.2115252274,771,0.5631848064280497,1.0,1.0,1.0,0.3381641479376185,2283618.499843304,1877140.2115252274,0.004032481110474198,0.5631848064280497,2264.955685911667,2089.5433247339156,0.3240378565659594,nan,nan,nan,nan,nan,7466,14290,0,500,500,0,0.4,166655,0.498437
50,on,750,937,0.8959787135362797,3307578.1363447877,3691581.1574254083,-0.09511706542483256,9017,0,1656,22.583766283467412,1369,0.9789780566273661,0.006829197929371928,1.0,0.028303104338815704,1836061.4335080248,773,0.5646457268078889,1.0,1.0,1.0,0.3593557705297985,2219791.5820460073,1836061.4335080252,0.00019912210030119282,0.5646457268078889,2128.806487357472,2090.2414365629456,0.3359934031219687,nan,nan,nan,nan,nan,9048,14290,0,750,750,0,0.4,166655,0.468206
50,on,1000,1041,0.8945658439377911,3302362.413557108,3691581.1574254083,-0.09511706542483256,9465,0,2298,23.061166495084763,1369,0.9705867886924571,0.01217034152202947,1.0139595946053594,0.042803918528611255,1739243.9338726688,774,0.5653761869978087,1.0,1.0,1.0,0.37615701200762985,2042404.5458405162,1739243.933872669,0.0012853099797483943,0.5653761869978087,1994.5944019217927,2089.9746995721366,0.34579986633818605,nan,nan,nan,nan,nan,9349,14290,0,1000,1000,0,0.4,166655,0.459759
50,on,1250,1102,0.8916300824728318,3291524.8118503685,3691581.1574254083,-0.09511706542483256,9974,0,2923,24.429375506937504,1369,0.9598694488617283,0.0178627805447521,1.0069155309732758,0.056875884633298956,1626233.3205281233,778,0.5682980277574872,1.0,1.0,1.0,0.3870191849013829,1814775.5883815805,1626233.3205281238,0.008302442812280153,0.5682980277574872,1852.8806393486082,2087.473225655314,0.35317700362072757,nan,nan,nan,nan,nan,9349,14290,0,1250,1250,0,0.4,166655,0.457078
50,on,1500,1001,0.8917648815457633,3292022.433568041,3691581.1574254083,-0.09511706542483256,10458,2,3485,22.949353659525514,1369,0.9530665172452013,0.0229239822338283,1.0,0.06806509614641101,1620511.2044130503,779,0.5690284879474069,1.0,1.0,1.0,0.40268414460747537,1783461.999097891,1620511.2044130508,0.015187134607839905,0.5690284879474069,1769.529324231986,2086.3201920844062,0.3627522099222893,nan,nan,nan,nan,nan,9349,14290,0,1500,1500,0,0.4,166655,0.451643
50,on,1750,943,0.8923567812403396,3294207.4793276247,3691581.1574254083,-0.09511706542483256,10872,4,3988,22.74095223657787,1369,0.9528343014139777,0.02160786463014533,1.0,0.07416297985829316,1612983.741331901,783,0.5719503287070855,1.0,1.0,1.0,0.41024670333199853,1750382.1706560403,1612983.741331901,0.01999801593845635,0.5719503287070855,1718.7246042444312,2081.70419701983,0.36840143537138537,nan,nan,nan,nan,nan,9349,14290,0,1750,1750,0,0.4,166655,0.44425
50,on,2000,944,0.892162259062434,3293489.384920967,3691581.1574254083,-0.09511706542483256,11282,7,4532,22.76331582479179,1369,0.9477749769047962,0.025622316635490368,1.0,0.08272479294213428,1630620.4983723336,784,0.5726807888970051,1.0,1.0,1.0,0.42550473322866345,1760622.38995746,1630620.498372334,0.026334513937929665,0.5726807888970051,1661.933731341567,2080.8300907350813,0.37779031632616533,nan,nan,nan,nan,nan,9349,14290,0,2000,2000,0,0.4,166655,0.437719
50,on,2250,944,0.8923306857146501,3294111.1455766964,3691581.1574254083,-0.09511706542483256,11667,11,4980,22.27330866828561,1369,0.9468549698295042,0.02615937608429474,1.0,0.08775000469277175,1621775.175459833,787,0.5748721694667641,1.0,1.0,1.0,0.43236469209343076,1737313.079023998,1621775.1754598331,0.03039292398660047,0.5748721694667641,1624.7431370567515,2073.836002614522,0.3825316673336907,nan,nan,nan,nan,nan,9349,14290,0,2250,2250,0,0.4,166655,0.433479
50,on,2500,872,0.8916329556631998,3291535.4184657927,3691581.1574254083,-0.09511706542483256,12053,14,5482,22.879882527515292,1369,0.9429985917042285,0.028441006934602366,1.0,0.09354846897389973,1622930.780526711,787,0.5748721694667641,1.0,1.0,1.0,0.44301757523451624,1720432.1971862013,1622930.780526711,0.03706285233130456,0.5748721694667641,1577.7305414037096,2073.836002614522,0.3892978386323822,nan,nan,nan,nan,nan,9349,14290,0,2500,2500,0,0.4,166655,0.430682
50,on,2750,794,0.8934203339716295,3298133.6705503827,3691581.1574254083,-0.09511706542483256,12392,16,5815,21.85377474874258,1369,0.9429288764548485,0.02989858759500816,1.0,0.09656034125958092,1625814.4709945675,790,0.577063550036523,1.0,1.0,1.0,0.4473196568298947,1717364.6169433931,1625814.4709945675,0.03862215188049056,0.577063550036523,1562.1305571508583,2069.359873699667,0.39241527808273946,nan,nan,nan,nan,nan,9349,14290,0,2750,2750,0,0.4,166655,0.426495
50,on,3000,741,0.8936746142586898,3299072.366866799,3691581.1574254083,-0.09511706542483256,12711,18,6168,22.145917359739542,1369,0.9434916653761216,0.029672686930904794,1.0129114050778432,0.09839656857476013,1620235.820125963,790,0.577063550036523,1.0,1.0,1.0,0.4497669098879755,1698228.3566962525,1620235.8201259633,0.04212759647973854,0.577063550036523,1540.5213596997182,2069.359873699667,0.39436669720229056,7378698.388,2.77316485502208,956068.2070000002,0.35932282514328673,886.9166666666666,9349,14290,0,3000,3000,0,0.4,166655,0.420269
51,off,250,957,0.9956600821536974,3279548.8311196594,3293843.8427959434,0.0,8275,0,971,21.798622708767653,1320,0.9952197341125225,0.00019453029869243905,0.1063061205306215,0.00019453029869243905,2365657.8920986853,792,0.6,1.0,1.0,1.0,0.3430228312596051,2837148.780067467,2365657.8920986876,0.02077294754621536,0.6,2503.4347594820792,2050.9338971216835,0.33790035962432086,nan,nan,nan,nan,nan,0,0,0,0,0,0,0.4,166853,0.479119
51,off,500,1475,0.9889037677340939,3257294.586468655,3293843.8427959434,0.0,8441,0,1437,14.219275468960404,1320,0.9886345816908708,0.0013396333666036285,0.5762713853131083,0.0013396333666036285,2342533.7053089635,793,0.6007575757575757,1.0,1.0,1.0,0.3450711652049492,2804885.154944467,2342533.7053089663,0.01849217608046348,0.6007575757575757,2475.3473034586996,2050.3668415745856,0.339030842786201,nan,nan,nan,nan,nan,0,0,0,0,0,0,0.4,166853,0.300767
51,off,750,2630,0.9727486153187289,3204082.037155875,3293843.8427959434,0.0,9014,0,2451,16.43305940926075,1320,0.9742540806026713,0.007959016822197598,0.9680073629929407,0.007959016822197598,2294533.659708007,793,0.6007575757575757,1.0,1.0,1.0,0.3525186065549728,2745810.4043531083,2294533.6597080096,0.013426738795239816,0.6007575757575757,2408.7639660447835,2050.3668415745856,0.3430911914198189,nan,nan,nan,nan,nan,0,0,0,0,0,0,0.4,166853,0.198134
51,off,1000,4379,0.950338431067103,3130266.3897427344,3293843.8427959434,0.0,10307,0,4087,20.603157615289092,1320,0.9556960110977318,0.017428915230721407,0.9958943426792696,0.017428915230721407,2233763.9966487284,797,0.6037878787878788,1.0,1.0,1.0,0.3596159063698392,2657018.507792358,2233763.996648731,0.007654660040904711,0.6037878787878788,2316.1007217786264,2048.7535936356185,0.3471400853208062,nan,nan,nan,nan,nan,0,0,0,0,0,0,0.4,166853,0.140986
51,off,1250,6024,0.9256360416066839,3048900.5763161853,3293843.8427959434,0.0,12417,5,6496,25.742636788636446,1320,0.9346479286602013,0.03015136230233525,0.9989865143857408,0.03015136230233525,2228785.4715392143,799,0.6053030303030303,1.0,1.0,1.0,0.37710044537097254,2660043.0590032022,2228785.4715392166,0.0030357894484651627,0.6053030303030303,2215.435220801767,2047.1478065421034,0.3578890301209354,nan,nan,nan,nan,nan,0,0,0,0,0,0,0.4,166853,0.111407
51,off,1500,7647,0.903344453803088,2975475.567083166,3293843.8427959434,0.0,15294,32,9150,30.52660728432238,1320,0.9143629741284124,0.045048007425862874,0.9994115536340273,0.045048007425862874,2252566.3502247166,805,0.6098484848484849,1.0,1.0,1.0,0.3971249925120841,2690394.605578554,2252566.3502247194,0.0007925154879146296,0.6098484848484849,2127.6680560669,2041.0486798801478,0.3712455594200139,nan,nan,nan,nan,nan,0,0,0,0,0,0,0.4,166853,0.100794
51,off,1750,8919,0.8827119156868537,2907515.208447755,3293843.8427959434,0.0,19137,90,12487,36.125410839915276,1320,0.8938913869699779,0.05858448524025706,0.9989154239628697,0.05858448524025706,2275894.142198014,809,0.6128787878787879,1.0,1.0,1.0,0.41715779526607966,2725604.0197535222,2275894.1421980164,1.4234759765784909e-05,0.6128787878787879,2047.3088571407218,2035.6235449313267,0.3840559511014785,nan,nan,nan,nan,nan,0,0,0,0,0,0,0.4,166853,0.098254
51,off,2000,9988,0.8630770309719036,2842840.9643254085,3293843.8427959434,0.0,23621,149,16407,40.526817195117474,1320,0.8762910105864005,0.07038172255865142,0.9993528097258167,0.07038172255865142,2289080.207760803,812,0.6151515151515151,1.0,1.0,1.0,0.4339322748392338,2737757.5361817977,2289080.2077608057,0.00039984763146383385,0.6151515151515151,1970.1501374852487,2032.328864929827,0.3950480344515781,nan,nan,nan,nan,nan,0,0,0,0,0,0,0.4,166853,0.096098
51,off,2250,10996,0.8472802484036641,2790808.8293270264,3293843.8427959434,0.0,28547,196,21244,44.37208166345954,1320,0.8639962985943488,0.07522906985430688,0.9990666971842213,0.07522906985430688,2244871.9671782586,816,0.6181818181818182,1.0,1.0,1.0,0.43760648835412264,2651002.7351111774,2244871.9671782614,0.0015070012028893154,0.6181818181818182,1909.441256467393,2029.1611085140134,0.3981070012498438,nan,nan,nan,nan,nan,0,0,0,0,0,0,0.4,166853,0.09535
51,off,2500,11999,0.8312340104800116,2737955.027342165,3293843.8427959434,0.0,34250,254,26239,49.227630568668246,1320,0.850042013376609,0.08602746366143069,0.9992030606977022,0.08602746366143069,2266017.1807685043,819,0.6204545454545455,1.0,1.0,1.0,0.4525590245855715,2668619.6215685355,2266017.180768507,0.0034154452787118978,0.6204545454545455,1846.71622430242,2028.003942354621,0.4081016089458629,nan,nan,nan,nan,nan,0,0,0,0,0,0,0.4,166853,0.095995
51,off,2750,12541,0.8173193011726293,2692122.147765748,3293843.8427959434,0.0,40164,344,31904,51.60529931075871,1320,0.8383961423361184,0.09393721995308428,1.0,0.09393721995308428,2280512.719459874,822,0.6227272727272727,1.0,1.0,1.0,0.46505066934650396,2676435.694068969,2280512.719459877,0.005448617139755235,0.6227272727272727,1794.4492213978685,2024.4253435212047,0.41669872459505486,nan,nan,nan,nan,nan,0,0,0,0,0,0,0.4,166853,0.097555
51,off,3000,13122,0.8048131720436631,2650928.911337092,3293843.8427959434,0.0,46339,473,38015,54.53381706401706,1320,0.8295160244166089,0.10076125429530239,0.9998440638904441,0.10076125429530239,2284214.2867147904,825,0.625,1.0,1.0,1.0,0.474429034657907,2665654.2948104413,2284214.2867147936,0.007729637990395756,0.625,1747.2666748151166,2021.735078563515,0.42350449169113924,68024686.447,3.0007471110424913,14222201.621999996,0.6273785688542848,7556.416666666667,0,0,0,0,0,0,0.4,166853,0.098663
51,on,250,682,0.8986677926119293,3248797.3445192548,3615126.0468307217,-0.09754020511247474,8522,0,940,30.389343375340104,1320,0.9899538270888708,0.00038221536326438297,0.1395621872552999,0.006014134134374393,2304190.170959785,787,0.5962121212121212,1.0,1.0,1.0,0.3590100542453265,2781674.4236826226,2304190.170959787,0.009876054332288754,0.5962121212121212,2369.0072022653208,2061.5576565866318,0.34582454338782354,nan,nan,nan,nan,nan,6316,14236,0,250,250,0,0.4,166853,0.607155
51,on,500,724,0.8982644192262327,3247339.098886024,3615126.046830721,-0.09754020511247452,8740,0,1292,22.005956368520856,1320,0.9888231802207911,0.0006768107098675361,0.32971634840668307,0.014140352936829222,2273955.951523388,789,0.5977272727272728,1.0,1.0,1.0,0.3692812291488321,2743445.179275296,2273955.9515233897,0.005622953820317447,0.5977272727272728,2294.4772218144008,2063.876081070427,0.3516519025671889,nan,nan,nan,nan,nan,7663,14236,0,500,500,0,0.4,166853,0.500275
51,on,750,908,0.8950180239539237,3235602.970778792,3615126.046830721,-0.09754020511247452,9007,0,1825,22.531628757715225,1320,0.982230727159092,0.0038608286718531505,1.0,0.029246373018517423,2229868.1729238676,789,0.5977272727272728,1.0,1.0,1.0,0.3864778435299372,2685435.430063797,2229868.17292387,0.0015088353399379062,0.5977272727272728,2182.1771339582065,2063.886955425765,0.36166850060273825,nan,nan,nan,nan,nan,9191,14236,0,750,750,0,0.4,166853,0.459549
51,on,1000,1023,0.8937783678825324,3231121.457825993,3615126.046830721,-0.09754020511247452,9439,0,2494,23.828168883919716,1320,0.9683845860511467,0.012082483988167119,1.0,0.047562168064551436,2203714.3837498897,791,0.5992424242424242,1.0,1.0,1.0,0.4099389205799744,2641534.5940459613,2203714.383749892,3.9003238072767974e-05,0.5992424242424242,2042.8856014641892,2061.80406396846,0.3761090854348952,nan,nan,nan,nan,nan,9583,14236,0,1000,1000,0,0.4,166853,0.455737
51,on,1250,1024,0.8925665941100003,3226740.742898046,3615126.046830721,-0.09754020511247452,9851,0,3216,23.942211667075753,1320,0.9591809384097032,0.018000795895391223,1.0,0.05992043031548116,2139895.712803133,792,0.6,1.0,1.0,1.0,0.42517881494890464,2524791.619786714,2139895.712803136,0.002039606498980229,0.6,1926.451270236171,2061.3052839413194,0.3856096704538643,nan,nan,nan,nan,nan,9583,14236,0,1250,1250,0,0.4,166853,0.448283
51,on,1500,1005,0.8923794942386728,3226064.3532798514,3615126.046830721,-0.09754020511247452,10317,1,3762,22.74276714399457,1320,0.9518905481456613,0.023076839461999666,1.0,0.0713769594308473,2127657.898252255,792,0.6,1.0,1.0,1.0,0.4408642921431303,2492297.1931899306,2127657.8982522576,0.005462996010642836,0.6,1841.2353460980207,2061.3052839413194,0.39514424910631885,nan,nan,nan,nan,nan,9583,14236,0,1500,1500,0,0.4,166853,0.440252
51,on,1750,933,0.8930264082678211,3228403.029036686,3615126.046830721,-0.09754020511247452,10757,4,4321,22.77219110354781,1320,0.9491579395349129,0.024569181728150466,1.0,0.07866477254848024,2095811.2868854068,794,0.6015151515151516,1.0,1.0,1.0,0.44969909988309564,2422048.247591971,2095811.2868854096,0.008949856341137164,0.6015151515151516,1779.514533818774,2059.2547637464977,0.4011028690676772,nan,nan,nan,nan,nan,9583,14236,0,1750,1750,0,0.4,166853,0.436071
51,on,2000,834,0.8939574395239454,3231768.824381114,3615126.046830721,-0.09754020511247452,11125,5,4785,22.063352735713124,1320,0.9479776962697644,0.02533409784862681,1.0,0.08319171613923387,2068233.7227144262,799,0.6053030303030303,1.0,1.0,1.0,0.4524147738092055,2355997.8134664414,2068233.7227144293,0.01160863788964019,0.6053030303030303,1740.0704406177585,2057.0798256224302,0.4038520769542644,nan,nan,nan,nan,nan,9583,14236,0,2000,2000,0,0.4,166853,0.430029
51,on,2250,952,0.8910443418098706,3221237.6089579994,3615126.046830721,-0.09754020511247452,11485,6,5381,23.310024911537766,1320,0.942445631086373,0.02899020423350215,1.0165845454323286,0.09125311090191318,2055858.5323750922,801,0.6068181818181818,1.0,1.0,1.0,0.46471036942585675,2310935.1665090877,2055858.5323750952,0.017509808403271893,0.6068181818181818,1666.8736514234176,2055.3023453770475,0.41248888342497536,nan,nan,nan,nan,nan,9583,14236,0,2250,2250,0,0.4,166853,0.426335
51,on,2500,801,0.8926216789311631,3226939.881469817,3615126.046830721,-0.09754020511247452,11877,7,5857,22.926012163981795,1320,0.9409833568571845,0.029049437542453347,1.0,0.09639853417229025,2012674.7150466552,801,0.6068181818181818,1.0,1.0,1.0,0.47124330320857655,2225963.3378284755,2012674.7150466575,0.022048432333184487,0.6068181818181818,1624.0319493454526,2055.3023453770475,0.4168570367652371,nan,nan,nan,nan,nan,9583,14236,0,2500,2500,0,0.4,166853,0.425277
51,on,2750,741,0.8932741940283628,3229298.805793654,3615126.0468307217,-0.09754020511247474,12150,7,6236,22.380858544260263,1320,0.9394979673160256,0.03100987876230539,1.0,0.0993156302227369,1996661.705280317,801,0.6068181818181818,1.0,1.0,1.0,0.4754267113536019,2189384.3140035504,1996661.7052803198,0.025322331316063627,0.6068181818181818,1594.9630147406635,2055.3023453770475,0.41970413244731675,nan,nan,nan,nan,nan,9583,14236,0,2750,2750,0,0.4,166853,0.421075
51,on,3000,717,0.8939205072553993,3231635.3095751246,3615126.046830721,-0.09754020511247452,12415,10,6635,21.717139143496752,1320,0.9408169049879935,0.029732486148662047,1.0,0.10177581754447942,1983906.5390190464,802,0.6075757575757575,1.0,1.0,1.0,0.478128543971041,2159414.6632884103,1983906.5390190494,0.02768948308942829,0.6075757575757575,1573.6189519078093,2053.6174691552546,0.4217937264014764,7259210.454,2.807119278422274,1035187.9690000004,0.40030470572312465,862.0,9583,14236,0,3000,3000,0,0.4,166853,0.416329
52,off,250,979,0.9964874110596355,3341296.816211273,3353074.789633555,0.0,8250,0,929,21.559504298493266,1339,0.996106210767539,0.0001656059829545934,0.19466401191063332,0.0001656059829545934,2015733.8609636703,797,0.5952203136669156,1.0,1.0,1.0,0.3101703907653135,2303683.4213513797,2015733.8609636712,0.022196346934786008,0.5952203136669156,2510.3493162284667,2079.4169432566287,0.31713416616197065,nan,nan,nan,nan,nan,0,0,0,0,0,0,0.4,166685,0.473249
52,off,500,1456,0.9911034946317503,3323244.141767437,3353074.789633555,0.0,8360,0,1436,14.059156538918614,1339,0.9908269104988896,0.0010008096026183871,0.39924731591907536,0.0010008096026183871,2004654.4853760682,797,0.5952203136669156,1.0,1.0,1.0,0.31174722107382746,2292695.5955917276,2004654.4853760689,0.020054461169390816,0.5952203136669156,2487.905968161611,2079.420099532676,0.3178511182320196,nan,nan,nan,nan,nan,0,0,0,0,0,0,0.4,166685,0.299998
52,off,750,2788,0.9758648243664811,3272147.7406734247,3353074.789633555,0.0,8664,0,2401,16.695674220100045,1339,0.976860516410864,0.0069464029627108615,0.9967562966502695,0.0069464029627108615,1984931.8003033267,798,0.5959671396564601,1.0,1.0,1.0,0.3189588148908027,2277571.897340517,1984931.8003033274,0.014204269607212845,0.5959671396564601,2422.9813741141397,2080.7949723332476,0.3217142525396397,nan,nan,nan,nan,nan,0,0,0,0,0,0,0.4,166685,0.191927
52,off,1000,4283,0.9572138186934548,3209609.5237498875,3353074.789633555,0.0,9946,2,3893,21.029205484315753,1339,0.9597536855285043,0.016482579593827734,0.9998443376325962,0.016482579593827734,1987190.9035316336,801,0.5982076176250933,1.0,1.0,1.0,0.3313523867516872,2292895.91718267,1987190.9035316336,0.0085989028190631,0.5982076176250933,2345.517940444599,2078.8845735262607,0.32920093963839947,nan,nan,nan,nan,nan,0,0,0,0,0,0,0.4,166685,0.136863
52,off,1250,5730,0.935527757434767,3136894.5384569326,3353074.789633555,0.0,12136,16,6064,26.171169999986887,1339,0.93921703427691,0.02797864498816878,0.9996566184769147,0.02797864498816878,2003879.5472380978,803,0.5997012696041822,1.0,1.0,1.0,0.3493968306452453,2332076.2354146084,2003879.5472380985,0.003942162015656076,0.5997012696041822,2257.179444224831,2075.7768680562185,0.34020897343002665,nan,nan,nan,nan,nan,0,0,0,0,0,0,0.4,166685,0.11236
52,off,1500,7048,0.9193957672396329,3082802.7688270127,3353074.789633555,0.0,14919,70,8318,30.176231434568763,1339,0.9238533661171815,0.03891620803397621,0.9998939931820998,0.03891620803397621,2025385.277446931,808,0.6034353995519044,1.0,1.0,1.0,0.3648782701312634,2375659.1734304745,2025385.2774469312,0.0019287861649438583,0.6034353995519044,2195.2660620161514,2067.4976486988608,0.3498800939287692,nan,nan,nan,nan,nan,0,0,0,0,0,0,0.4,166685,0.100676
52,off,1750,8263,0.9015454362555546,3022949.274017685,3353074.789633555,0.0,18603,138,10743,33.888205002993345,1339,0.9075384796760952,0.050155511566307244,0.9998005144888306,0.050155511566307244,2048944.9618792916,813,0.6071695294996265,1.0,1.0,1.0,0.3796903076297915,2407355.4718337585,2048944.9618792918,0.000466817259703786,0.6071695294996265,2125.095259073598,2061.769408629129,0.35971243180234724,nan,nan,nan,nan,nan,0,0,0,0,0,0,0.4,166685,0.095932
52,off,2000,9946,0.8817785599651845,2956669.45945864,3353074.789633555,0.0,22905,273,13710,39.429716389626265,1339,0.8895097787328158,0.06363352796643316,1.0,0.06363352796643316,2078644.0728481964,820,0.6123973114264376,1.0,1.0,1.0,0.39758727316511155,2439454.863547632,2078644.0728481968,1.655239995551221e-05,0.6123973114264376,2046.5171129906473,2058.556670438555,0.3718406125236511,nan,nan,nan,nan,nan,0,0,0,0,0,0,0.4,166685,0.093913
52,off,2250,11584,0.8539680392832977,2863418.7036736226,3353074.789633555,0.0,27943,366,17738,46.29228852316737,1339,0.8655105991438727,0.07917788610314642,0.999977944045045,0.07917788610314642,2082856.2838122665,829,0.6191187453323376,1.0,1.0,1.0,0.4194998594181656,2423223.071890138,2082856.2838122668,0.0012714728077205036,0.6191187453323376,1941.9256871902087,2047.900196515936,0.3869754113700592,nan,nan,nan,nan,nan,0,0,0,0,0,0,0.4,166685,0.095563
52,off,2500,12559,0.838106991392576,2810235.4238540735,3353074.789633555,0.0,33458,449,22404,51.484719036147,1339,0.8524336056039089,0.0857752251973702,0.9998223462977085,0.0857752251973702,2047806.5546911424,838,0.6258401792382375,1.0,1.0,8.0,0.4277942056355619,2369662.5358353183,2047806.554691143,0.002069956621359695,0.6258401792382375,1892.7546854881273,2027.2988268137635,0.39310992082004503,nan,nan,nan,nan,nan,0,0,0,0,0,0,0.4,166685,0.098211
52,off,2750,13726,0.8250480001598816,2766447.64957368,3353074.789633555,0.0,39381,575,27118,55.02984844148159,1339,0.8420601741442748,0.09459327906110501,0.9999551177419307,0.09459327906110501,2050068.3348130495,841,0.6280806572068708,1.0,1.0,8.0,0.4391931978329868,2364675.5699201263,2050068.3348130502,0.0035609229028259718,0.6280806572068708,1845.0738993233094,2021.8539939346174,0.40071878084934487,nan,nan,nan,nan,nan,0,0,0,0,0,0,0.4,166685,0.102459
52,off,3000,14117,0.8161584731213759,2736640.400569101,3353074.789633555,0.0,45915,752,32279,58.89703296869993,1339,0.8340767973831951,0.09698769639568988,1.0,0.09698769639568988,2036703.9851336614,844,0.6303211351755041,1.0,1.0,9.0,0.4422392593239497,2334758.039784291,2036703.9851336626,0.0047493038576655825,0.6303211351755041,1813.640641154755,2017.38504499711,0.403293687884656,65297877.781,2.824333212123834,13564602.793000007,0.5867106172428338,7706.583333333333,0,0,0,0,0,0,0.4,166685,0.10676
52,on,250,894,0.9880693800507786,3101971.049065537,3139426.351726557,0.063717170451288,8375,0,863,28.11568976379931,1339,0.9876882217759876,0.0005667601689426966,0.17270550906185467,0.0005667601689426966,1994701.7044248588,788,0.5884988797610157,1.0,1.0,1.0,0.31440400680861824,2286820.646993772,1994701.7044248595,0.015484259499456664,0.5884988797610157,2463.591835963018,2106.4622183787264,0.31816743263468483,nan,nan,nan,nan,nan,1983,884,0,250,250,0,0.4,166685,0.438752
52,on,500,1384,0.9787977370964932,3072863.4088510536,3139426.351726557,0.063717170451288,8486,0,1344,21.34389447979629,1339,0.978572737005698,0.003828705623318244,0.8863076827536094,0.003828705623318244,1992668.8053351687,788,0.5884988797610157,1.0,1.0,1.0,0.3199533011614204,2293661.734371555,1992668.8053351692,0.012459475152612772,0.5884988797610157,2426.6532062492074,2106.4622183787264,0.3212625142727712,nan,nan,nan,nan,nan,2855,884,0,500,500,0,0.4,166685,0.267502
52,on,750,2284,0.9564324639967686,3002649.281118217,3139426.351726557,0.063717170451288,8889,0,2276,23.56502798013389,1339,0.9594987884366838,0.01388617250687194,0.9990596771583358,0.01388617250687194,1972907.1971651758,788,0.5884988797610157,1.0,1.0,1.0,0.33150766012733857,2280295.466269872,1972907.1971651765,0.0065548106471883935,0.5884988797610157,2337.5489832379935,2106.4622183787264,0.3277501654021129,nan,nan,nan,nan,nan,4193,930,0,750,750,0,0.4,166685,0.163414
52,on,1000,3240,0.9311182857859818,2923177.2829709705,3139426.351726557,0.063717170451288,10010,0,3548,26.927178252488375,1339,0.936713313930725,0.025251766139766475,0.9994439089797001,0.025251766139766475,1979188.3381436917,789,0.5892457057505601,1.0,1.0,1.0,0.34897474829109587,2303428.6179811303,1979188.338143692,0.0021365299307453257,0.5892457057505601,2237.397398908602,2105.2195186037884,0.3381293691233396,nan,nan,nan,nan,nan,4491,1070,0,1000,1000,0,0.4,166685,0.106318
52,on,1250,3958,0.9036284235123043,2836874.884943654,3139426.351726557,0.063717170451288,11563,5,5494,29.922914035618305,1339,0.9116295063952811,0.03966225682836702,0.999891391821147,0.03966225682836702,1993499.4919951519,789,0.5892457057505601,1.0,1.0,1.0,0.3714624872067438,2334678.696987017,1993499.4919951523,6.309212337756192e-05,0.5892457057505601,2128.0153988739794,2105.2195186037884,0.35152197411213315,nan,nan,nan,nan,nan,6057,1089,0,1250,1250,0,0.4,166685,0.073539
52,on,1500,4598,0.8859216850174787,2781285.8835098674,3139426.351726557,0.063717170451288,13590,32,7225,31.63755079545081,1339,0.8962993795661046,0.05167559393094652,0.9991658634695502,0.05167559393094652,2008437.623401255,790,0.5899925317401046,1.0,1.0,1.0,0.3866856581130973,2356324.2198066683,2008437.6234012558,0.0002750684588330392,0.5899925317401046,2057.5426230300413,2105.3318967507007,0.3605995108836135,nan,nan,nan,nan,nan,7106,1089,0,1500,1500,0,0.4,166685,0.05534
52,on,1750,5228,0.8647215001283794,2714729.464407554,3139426.351726557,0.063717170451288,15893,86,9358,33.72383331693709,1339,0.8787733477061366,0.06460859706040788,0.9992311491164565,0.06460859706040788,2011986.6250807012,791,0.590739357729649,1.0,1.0,1.0,0.4065148429157426,2353662.6188871893,2011986.6250807012,0.002165662524287687,0.590739357729649,1972.4878217520125,2106.736491608963,0.3723995522915926,nan,nan,nan,nan,nan,7907,1089,0,1750,1750,0,0.4,166685,0.044073
52,on,2000,5915,0.8439661729356701,2649569.6432800554,3139426.351726557,0.063717170451288,18473,187,11892,36.2231068238616,1339,0.8605725561377804,0.07723384555509318,0.99972195448985,0.07723384555509318,2026259.6163204364,792,0.5914861837191935,1.0,1.0,1.0,0.4250698667014643,2363982.968913528,2026259.616320437,0.005476659781531503,0.5914861837191935,1891.2214323336846,2105.5251716120247,0.3837744897690678,nan,nan,nan,nan,nan,8461,1089,0,2000,2000,0,0.4,166685,0.036737
52,on,2250,6389,0.8237157991951041,2585995.0863266108,3139426.351726557,0.063717170451288,21348,252,15295,39.07335323467851,1339,0.844231999667295,0.08692254704232137,0.99972195448985,0.08692254704232137,2016995.8429741408,794,0.5929798356982823,1.0,1.0,1.0,0.4398916024697699,2328874.298319551,2016995.8429741408,0.009978743189784322,0.5929798356982823,1813.750304701595,2102.527237419348,0.3932497484628834,nan,nan,nan,nan,nan,9172,1089,0,2250,2250,0,0.4,166685,0.032431
52,on,2500,6520,0.8143223043201985,2556504.900981524,3139426.351726557,0.063717170451288,24341,316,18644,39.865982396528125,1339,0.8373272473805433,0.09120085754789019,0.9996936846804763,0.09120085754789019,2002312.7098547977,797,0.5952203136669156,1.0,1.0,1.0,0.4449812085910769,2306855.2173798885,2002312.709854798,0.011384238891917984,0.5952203136669156,1784.758831632628,2092.347070424944,0.396446165945352,nan,nan,nan,nan,nan,9748,1089,0,2500,2500,0,0.4,166685,0.029429
52,on,2750,6744,0.8015368285173602,2516365.8413267313,3139426.351726557,0.063717170451288,27567,398,22002,39.41858243197203,1339,0.8284643061091675,0.09637538310539014,0.9993667897389821,0.09637538310539014,1967881.0568471276,799,0.5967139656460044,1.0,1.0,1.0,0.4500027061552938,2235382.56816275,1967881.0568471279,0.015092870262183084,0.5967139656460044,1737.6073168259438,2088.9214725607444,0.39987034944723066,nan,nan,nan,nan,nan,10172,1089,0,2750,2750,0,0.4,166685,0.027358
52,on,3000,6880,0.7911273791131642,2483686.141560234,3139426.351726557,0.063717170451288,30622,494,26115,42.567317413166165,1339,0.8207859890259245,0.1022556503954589,0.9999431294962607,0.1022556503954589,1986407.6089278471,801,0.5982076176250933,1.0,1.0,1.0,0.46003905962955804,2251914.599408744,1986407.6089278478,0.01807485299743724,0.5982076176250933,1699.5903013289203,2086.086078430797,0.40652765619831954,40685932.044,3.0118763773920123,9305679.131000001,0.6888758286264205,4502.833333333333,10639,1089,0,3000,3000,0,0.4,166685,0.025416
